molecule_chembl_id,smiles,standard_units,pIC50,standard_value,type,units,value
CHEMBL3326305,O=C1Nc2ccc(S(=O)(=O)Nc3ccc(O)c(Cl)c3)c3cccc1c23,nM,4.374,42300.0,IC50,uM,42.3
CHEMBL3326315,O=C1Sc2c(S(=O)(=O)Nc3ccc(O)cc3)cc(S(=O)(=O)Nc3ccc(O)cc3)c3cccc1c23,nM,4.854,14000.0,IC50,uM,14.0
CHEMBL3356478,O=S(=O)(Nc1cc(Cl)c(O)c(Cl)c1)c1ccc2ccccc2c1,nM,4.0,100000.0,IC50,uM,100.0
CHEMBL3314616,O=S(=O)(Nc1ccc(O)c(Cl)c1)c1ccc(F)cc1,nM,4.0,100000.0,IC50,uM,100.0
CHEMBL3326318,Cc1cc2occ(CN(C)CCN(C)Cc3cn(-c4cccc(C(F)(F)F)c4)c4ccccc34)c(=O)c2cc1C.Cl,nM,4.693,20300.0,IC50,uM,20.3
CHEMBL3326305,O=C1Nc2ccc(S(=O)(=O)Nc3ccc(O)c(Cl)c3)c3cccc1c23,nM,4.34,45700.0,IC50,uM,45.7
CHEMBL3326315,O=C1Sc2c(S(=O)(=O)Nc3ccc(O)cc3)cc(S(=O)(=O)Nc3ccc(O)cc3)c3cccc1c23,nM,4.597,25300.0,IC50,uM,25.3
CHEMBL255489,Cc1cc2occ(CN(C)CCN(C)Cc3cn(-c4cccc(C(F)(F)F)c4)c4ccccc34)c(=O)c2cc1C,nM,5.301,5000.0,IC50,uM,5.0
CHEMBL3741761,Cc1cc2occ(CN3CCN(Cc4cn(-c5cccc(C(F)(F)F)c5)c5ccccc45)CC3)c(=O)c2cc1C,nM,5.0,10000.0,IC50,uM,10.0
CHEMBL3739952,Cc1ccc2occ(CN(C)CCN(C)Cc3cn(-c4cccc(C(F)(F)F)c4)c4ccccc34)c(=O)c2c1,nM,4.523,30000.0,IC50,uM,30.0
CHEMBL3741215,Cc1ccc2occ(CN3CCN(Cc4cn(-c5cccc(C(F)(F)F)c5)c5ccccc45)CC3)c(=O)c2c1,nM,4.523,30000.0,IC50,uM,30.0
CHEMBL3742137,Cc1cc2occ(C(=O)N(C)CCN(C)C(=O)c3cn(-c4cccc(C(F)(F)F)c4)c4ccccc34)c(=O)c2cc1C,nM,4.699,20000.0,IC50,uM,20.0
CHEMBL3740948,Nc1cccc(-n2cc(C(=O)N3CCN(C(=O)c4coc5ccccc5c4=O)CC3)c3ccccc32)c1,nM,5.0,10000.0,IC50,uM,10.0
CHEMBL3741720,CN(CCN(C)C(=O)c1cn(S(=O)(=O)c2ccccc2)c2ccccc12)C(=O)c1coc2ccccc2c1=O,nM,4.222,60000.0,IC50,uM,60.0
CHEMBL3740702,O=C(c1coc2ccccc2c1=O)N1CCN(C(=O)c2cn(S(=O)(=O)c3ccccc3)c3ccccc23)CC1,nM,4.824,15000.0,IC50,uM,15.0
CHEMBL3741275,CN(CCN(C)C(=O)c1cn(S(=O)(=O)c2cccc([N+](=O)[O-])c2)c2ccccc12)C(=O)c1coc2ccccc2c1=O,nM,4.699,20000.0,IC50,uM,20.0
CHEMBL3741940,O=C(c1coc2ccccc2c1=O)N1CCN(C(=O)c2cn(S(=O)(=O)c3cccc([N+](=O)[O-])c3)c3ccccc23)CC1,nM,4.699,20000.0,IC50,uM,20.0
CHEMBL3740051,CN(CCN(C)C(=O)c1cn(S(=O)(=O)c2cccc(N)c2)c2ccccc12)C(=O)c1coc2ccccc2c1=O,nM,4.602,25000.0,IC50,uM,25.0
CHEMBL3740334,Nc1cccc(S(=O)(=O)n2cc(C(=O)N3CCN(C(=O)c4coc5ccccc5c4=O)CC3)c3ccccc32)c1,nM,4.699,20000.0,IC50,uM,20.0
CHEMBL3741278,Nc1cccc(-n2cc(C(=O)N3CCN(C(=O)c4coc5ccccc5c4=O)CC3)c3cc(N)ccc32)c1,nM,4.398,40000.0,IC50,uM,40.0
CHEMBL3740080,O=C(c1coc2ccccc2c1=O)N1CCN(C(=O)c2cn(-c3cccc([N+](=O)[O-])c3)c3ccc([N+](=O)[O-])cc23)CC1,nM,4.824,15000.0,IC50,uM,15.0
CHEMBL3741883,O=C(c1coc2ccccc2c1=O)N1CCN(Cc2cn(-c3cccc(C(F)(F)F)c3)c3ccccc23)CC1,nM,5.0,10000.0,IC50,uM,10.0
CHEMBL3741926,O=C(c1ccc2ccccc2c1)N1CCN(Cc2cn(-c3cccc(C(F)(F)F)c3)c3ccccc23)CC1,nM,4.699,20000.0,IC50,uM,20.0
CHEMBL3741027,O=C(c1ccccc1)N1CCN(Cc2cn(-c3cccc(C(F)(F)F)c3)c3ccccc23)CC1,nM,4.824,15000.0,IC50,uM,15.0
CHEMBL3740564,O=C(NCCCNC(=O)c1cn(S(=O)(=O)c2ccccc2)c2ccccc12)c1coc2ccccc2c1=O,nM,4.699,20000.0,IC50,uM,20.0
CHEMBL3741761,Cc1cc2occ(CN3CCN(Cc4cn(-c5cccc(C(F)(F)F)c5)c5ccccc45)CC3)c(=O)c2cc1C,nM,4.824,15000.0,IC50,uM,15.0
CHEMBL3739952,Cc1ccc2occ(CN(C)CCN(C)Cc3cn(-c4cccc(C(F)(F)F)c4)c4ccccc34)c(=O)c2c1,nM,5.0,10000.0,IC50,uM,10.0
CHEMBL3741215,Cc1ccc2occ(CN3CCN(Cc4cn(-c5cccc(C(F)(F)F)c5)c5ccccc45)CC3)c(=O)c2c1,nM,4.824,15000.0,IC50,uM,15.0
CHEMBL3742137,Cc1cc2occ(C(=O)N(C)CCN(C)C(=O)c3cn(-c4cccc(C(F)(F)F)c4)c4ccccc34)c(=O)c2cc1C,nM,4.222,60000.0,IC50,uM,60.0
CHEMBL3740948,Nc1cccc(-n2cc(C(=O)N3CCN(C(=O)c4coc5ccccc5c4=O)CC3)c3ccccc32)c1,nM,4.699,20000.0,IC50,uM,20.0
CHEMBL3740702,O=C(c1coc2ccccc2c1=O)N1CCN(C(=O)c2cn(S(=O)(=O)c3ccccc3)c3ccccc23)CC1,nM,4.398,40000.0,IC50,uM,40.0
CHEMBL3741275,CN(CCN(C)C(=O)c1cn(S(=O)(=O)c2cccc([N+](=O)[O-])c2)c2ccccc12)C(=O)c1coc2ccccc2c1=O,nM,4.398,40000.0,IC50,uM,40.0
CHEMBL3741940,O=C(c1coc2ccccc2c1=O)N1CCN(C(=O)c2cn(S(=O)(=O)c3cccc([N+](=O)[O-])c3)c3ccccc23)CC1,nM,4.398,40000.0,IC50,uM,40.0
CHEMBL3740051,CN(CCN(C)C(=O)c1cn(S(=O)(=O)c2cccc(N)c2)c2ccccc12)C(=O)c1coc2ccccc2c1=O,nM,4.699,20000.0,IC50,uM,20.0
CHEMBL3740334,Nc1cccc(S(=O)(=O)n2cc(C(=O)N3CCN(C(=O)c4coc5ccccc5c4=O)CC3)c3ccccc32)c1,nM,4.398,40000.0,IC50,uM,40.0
CHEMBL3740080,O=C(c1coc2ccccc2c1=O)N1CCN(C(=O)c2cn(-c3cccc([N+](=O)[O-])c3)c3ccc([N+](=O)[O-])cc23)CC1,nM,4.699,20000.0,IC50,uM,20.0
CHEMBL3741883,O=C(c1coc2ccccc2c1=O)N1CCN(Cc2cn(-c3cccc(C(F)(F)F)c3)c3ccccc23)CC1,nM,4.699,20000.0,IC50,uM,20.0
CHEMBL3741926,O=C(c1ccc2ccccc2c1)N1CCN(Cc2cn(-c3cccc(C(F)(F)F)c3)c3ccccc23)CC1,nM,4.398,40000.0,IC50,uM,40.0
CHEMBL3741027,O=C(c1ccccc1)N1CCN(Cc2cn(-c3cccc(C(F)(F)F)c3)c3ccccc23)CC1,nM,4.699,20000.0,IC50,uM,20.0
CHEMBL3740564,O=C(NCCCNC(=O)c1cn(S(=O)(=O)c2ccccc2)c2ccccc12)c1coc2ccccc2c1=O,nM,4.398,40000.0,IC50,uM,40.0
CHEMBL4299667,CC[C@H](C)[C@@H](NC(=O)[C@@H](CCC(=O)O)NC(=O)[C@@H](CCC(N)=O)NC(=O)[C@H](Cc1c[nH]c2ccccc12)NC(=O)[C@H](CC(N)=O)NC(=O)[C@H](CCCNC(=N)N)NC(=O)[C@H](CCCCN)NC(=O)[C@H](CC(C)C)NC(=O)[C@H](CCC(=O)O)NC(=O)[C@H](CC(=O)O)NC(=O)[C@H](CCC(=O)O)NC(=O)[C@H](C)NC(=O)[C@H](N)CC(=O)O)C(=O)N[C@H](CCC(N)=O)C(=O)N[C@H](CCC(=O)O)C(=O)N[C@H](Cc1ccccc1)C(=O)N[C@H](CCC(N)=O)C(=O)N[C@H](CCC(N)=O)C(=O)N[C@@H](C(=O)N[C@H](CC(C)C)C(=O)N[C@H](CCC(N)=O)C(=O)N[C@H](CCSC)C(=O)N[C@H](Cc1ccccc1)C(=O)N[C@H](Cc1ccccc1)C(=O)N[C@H](CCC(=O)O)C(=O)N[C@H](Cc1c[nH]c2ccccc12)C(=O)N[C@@H](Cc1c[nH]c2ccccc12)C(=O)N[C@@H](CCC(N)=O)C(=O)N[C@H](CCCCN)C(=O)N[C@@H](CC(=O)O)C(=O)O)[C@H](C)CC,nM,4.924,11900.0,IC50,uM,11.9
CHEMBL3805016,CC[C@H](C)[C@H](NC(=O)[C@H](CCC(N)=O)NC(=O)[C@H](Cc1ccccc1)NC(=O)[C@H](Cc1c[nH]c2ccccc12)NC(=O)[C@H](CCCCN)NC(=O)[C@H](Cc1c[nH]c2ccccc12)NC(=O)[C@H](Cc1ccccc1)NC(=O)[C@H](CCC(=O)O)NC(=O)[C@H](CCC(N)=O)NC(=O)[C@H](CC(C)C)NC(=O)[C@H](Cc1c[nH]c2ccccc12)NC(=O)[C@H](CCCCN)NC(=O)[C@H](CCCCN)NC(=O)[C@H](Cc1ccc(O)cc1)NC(=O)[C@H](CC(C)C)NC(=O)[C@H](CCC(=O)O)NC(=O)[C@H](CCC(=O)O)NC(=O)[C@H](CCC(N)=O)NC(=O)[C@H](CCC(N)=O)NC(=O)[C@@H](N)CCCNC(=N)N)C(=O)N[C@@H](C)C(=O)N[C@@H](CC(C)C)C(=O)N[C@@H](CCC(N)=O)C(=O)N[C@@H](CC(C)C)C(=O)N[C@@H](CC(=O)O)C(=O)O,nM,4.487,32600.0,IC50,uM,32.6
CHEMBL3806135,CC[C@H](C)[C@H](NC(=O)[C@H](Cc1c[nH]c2ccccc12)NC(=O)[C@H](CCC(=O)O)NC(=O)[C@H](CC(C)C)NC(=O)[C@@H](NC(=O)[C@H](CCSC)NC(=O)[C@H](CCCNC(=N)N)NC(=O)[C@H](C)NC(=O)[C@H](Cc1ccc(O)cc1)NC(=O)[C@H](CCC(N)=O)NC(=O)[C@H](CCC(=O)O)NC(=O)[C@H](C)NC(=O)[C@H](Cc1ccccc1)NC(=O)[C@H](Cc1c[nH]c2ccccc12)NC(=O)[C@H](CCCCN)NC(=O)[C@H](CCC(=O)O)NC(=O)[C@@H](N)CCC(N)=O)C(C)C)C(=O)N[C@@H](CCC(=O)O)C(=O)N[C@@H](CCCCN)C(=O)N[C@@H](CCC(=O)O)C(=O)N[C@@H](CC(C)C)C(=O)N[C@@H](CCCCN)C(=O)N[C@@H](CCC(=O)O)C(=O)N[C@@H](CO)C(=O)N[C@@H](CC(C)C)C(=O)O,nM,4.684,20700.0,IC50,uM,20.7
CHEMBL255489,Cc1cc2occ(CN(C)CCN(C)Cc3cn(-c4cccc(C(F)(F)F)c4)c4ccccc34)c(=O)c2cc1C,nM,4.824,15000.0,IC50,uM,15.0
CHEMBL3640296,COc1ccc2c(c1)C(=O)N(C[C@@]1(C#Cc3ccc(C(N)C(F)(F)F)cc3)NC(=O)NC1=O)C2,nM,5.964,1086.0,IC50,nM,1086.0
CHEMBL3640297,COc1ccc2c(c1F)C(=O)N(C[C@@]1(C#Cc3ccc4c(=O)[nH][nH]c4c3)NC(=O)NC1=O)C2,nM,6.645,226.45,IC50,nM,226.45
CHEMBL3640298,COc1ccc2c(c1)C(=O)N(C[C@@]1(C#Cc3cc(F)c4c(=O)[nH][nH]c4c3)NC(=O)NC1=O)C2,nM,6.141,723.0,IC50,nM,723.0
CHEMBL3640299,COc1ccc2c(c1F)C(=O)N(C[C@@]1(C#Cc3cc(F)c4c(=O)[nH][nH]c4c3)NC(=O)NC1=O)C2,nM,6.416,383.45,IC50,nM,383.45
CHEMBL3640300,COc1ccc2c(c1)C(=O)N(C[C@@]1(C#Cc3ccc4c(c3)CN(C)C(=O)N4)NC(=O)NC1=O)C2,nM,6.295,507.15,IC50,nM,507.15
CHEMBL3640301,COc1ccc2c(c1F)C(=O)N(C[C@@]1(C#Cc3ccc4c(c3)CN(C)C(=O)N4)NC(=O)NC1=O)C2,nM,6.551,281.3,IC50,nM,281.3
CHEMBL3640302,O=C1NC(=O)[C@](C#Cc2cccnc2)(CN2Cc3ccc(I)cc3C2=O)N1,nM,4.0,100001.0,IC50,nM,100001.0
CHEMBL3640302,O=C1NC(=O)[C@](C#Cc2cccnc2)(CN2Cc3ccc(I)cc3C2=O)N1,nM,6.01,976.7,IC50,nM,976.7
CHEMBL3640303,Cn1cc(-c2ccc3c(c2)C(=O)N(C[C@]2(C#Cc4cccnc4)NC(=O)NC2=O)C3)cn1,nM,2.0,10000001.0,IC50,nM,10000001.0
CHEMBL3639391,Cn1cc(-c2ccc3c(c2)C(=O)N(C[C@@]2(C#Cc4cccnc4)NC(=O)NC2=O)C3)cn1,nM,2.0,10000001.0,IC50,nM,10000001.0
CHEMBL3640304,CSc1ccc2c(c1)C(=O)N(C[C@@]1(C#Cc3cccnc3)NC(=O)NC1=O)C2,nM,6.186,651.1,IC50,nM,651.1
CHEMBL3640305,COc1ccc2c(c1)C(=O)N(C[C@@]1(C#Cc3ccc(C(O)C4CCN(C)CC4)cc3)NC(=O)NC1=O)C2,nM,6.612,244.5,IC50,nM,244.5
CHEMBL3640306,COc1ccc2c(c1)C(=O)N(C[C@@]1(C#Cc3ccc4c(c3)c(N)nn4CCN(C)C)NC(=O)NC1=O)C2,nM,6.996,101.0,IC50,nM,101.0
CHEMBL3640307,COc1ccc2c(c1)C(=O)N(C[C@@]1(C#Cc3ccc4c(c3)c(N)nn4C)NC(=O)NC1=O)C2,nM,5.537,2903.5,IC50,nM,2903.5
CHEMBL3640308,COc1ccc2c(c1)C(=O)N(C[C@@]1(C#Cc3ccc(-c4cc(N)n(C)n4)cc3)NC(=O)NC1=O)C2,nM,6.652,223.0,IC50,nM,223.0
CHEMBL3640309,COc1ccc2c(c1)C(=O)N(C[C@@]1(C#Cc3ccc(-c4cc(N)[nH]n4)cc3)NC(=O)NC1=O)C2,nM,6.893,128.0,IC50,nM,128.0
CHEMBL3640310,COc1ccc2c(c1)C(=O)N(C[C@@]1(C#Cc3ccc4c(c3)c(=O)[nH]n4C)NC(=O)NC1=O)C2,nM,5.816,1527.0,IC50,nM,1527.0
CHEMBL3640311,COc1ccc2c(c1)C(=O)N(C[C@@]1(C#Cc3ccc4c(=O)[nH]n(C)c4c3)NC(=O)NC1=O)C2,nM,6.341,456.0,IC50,nM,456.0
CHEMBL3640312,COc1ccc2c(c1)C(=O)N(C[C@@]1(C#Cc3ccc4c(=O)[nH][nH]c4c3)NC(=O)NC1=O)C2,nM,6.807,156.0,IC50,nM,156.0
CHEMBL3640313,COc1ccc2c(c1)C(=O)N(C[C@@]1(C#Cc3ccc4c(N)nn(C)c4c3)NC(=O)NC1=O)C2,nM,5.953,1114.5,IC50,nM,1114.5
CHEMBL3640314,COc1ccc2c(c1)C(=O)N(C[C@@]1(C#Cc3ccc4c(C)n[nH]c4c3)NC(=O)NC1=O)C2,nM,5.53,2948.0,IC50,nM,2948.0
CHEMBL3640315,COc1ccc2c(c1)C(=O)N(C[C@@]1(C#Cc3ccc4c(CN(C)C)n[nH]c4c3)NC(=O)NC1=O)C2,nM,6.788,163.0,IC50,nM,163.0
CHEMBL3640316,COc1ccc2c(c1)C(=O)N(C[C@@]1(C#Cc3ccc4c(-c5ccncc5)n[nH]c4c3)NC(=O)NC1=O)C2,nM,5.998,1005.4,IC50,nM,1005.4
CHEMBL1287908,COc1ccc2c(c1)C(=O)N(C[C@@]1(C#Cc3ccc(CC4CCN(C)CC4)nc3)NC(=O)NC1=O)C2,nM,6.71,194.9,IC50,nM,194.9
CHEMBL3640317,COc1ccc2c(c1)C(=O)N(C[C@@]1(C#Cc3ccc(C4CCN(C)CC4)nc3)NC(=O)NC1=O)C2,nM,6.611,244.9,IC50,nM,244.9
CHEMBL3640318,COc1ccc2c(c1)C(=O)N(C[C@@]1(C#Cc3ccc(C4(O)CCNCC4)cc3)NC(=O)NC1=O)C2,nM,5.622,2390.0,IC50,nM,2390.0
CHEMBL3640319,COc1ccc2c(c1F)C(=O)N(C[C@@]1(C#Cc3ccc(C4(O)CCNCC4)cc3)NC(=O)NC1=O)C2,nM,6.863,137.0,IC50,nM,137.0
CHEMBL3640320,COc1ccc2c(c1F)C(=O)N(C[C@@]1(C#Cc3ccc(C(CN)N4CCC(NC(=O)OC(C)(C)C)C4)cc3)NC(=O)NC1=O)C2,nM,6.519,303.0,IC50,nM,303.0
CHEMBL3640321,COc1ccc2c(c1)C(=O)N(C[C@@]1(C#Cc3ccc(C(CN)N4CCC(NC(=O)OC(C)(C)C)C4)cc3)NC(=O)NC1=O)C2,nM,6.5,316.0,IC50,nM,316.0
CHEMBL3640322,COc1ccc2c(c1F)C(=O)N(C[C@@]1(C#Cc3ccc(C(CN)N4CCC(N)C4)cc3)NC(=O)NC1=O)C2,nM,6.963,109.0,IC50,nM,109.0
CHEMBL3640323,COc1ccc2c(c1)C(=O)N(C[C@@]1(C#Cc3ccc(C(CN)N4CCC(N)C4)cc3)NC(=O)NC1=O)C2,nM,6.633,233.0,IC50,nM,233.0
CHEMBL3640324,COc1ccc2c(c1F)C(=O)N(C[C@@]1(C#Cc3ccc(N4CCNCC4)cc3)NC(=O)NC1=O)C2,nM,6.928,118.0,IC50,nM,118.0
CHEMBL3640325,COc1ccc2c(c1)C(=O)N(C[C@@]1(C#Cc3cncc(-c4ccc(O)c(-c5cn[nH]c5)n4)c3)NC(=O)NC1=O)C2,nM,6.427,374.0,IC50,nM,374.0
CHEMBL3640326,CCN1CCN(C(=O)c2ccc(C#C[C@]3(CN4Cc5ccc(OC)cc5C4=O)NC(=O)NC3=O)cc2)CC1,nM,6.351,446.0,IC50,nM,446.0
CHEMBL3640327,COc1ccc2c(c1)C(=O)N(C[C@@]1(C#Cc3ccc(C(=O)N4CCN(C5CC5)CC4)cc3)NC(=O)NC1=O)C2,nM,5.936,1158.0,IC50,nM,1158.0
CHEMBL3640328,COc1ccc2c(c1)C(=O)N(C[C@@]1(C#Cc3ccc(C(=O)N4CCN(C5CCCCC5)CC4)cc3)NC(=O)NC1=O)C2,nM,6.238,578.0,IC50,nM,578.0
CHEMBL3640329,COc1ccc2c(c1)C(=O)N(C[C@@]1(C#Cc3ccc(C(=O)N4CCC(N5CCCCC5)CC4)cc3)NC(=O)NC1=O)C2,nM,6.397,400.6,IC50,nM,400.6
CHEMBL3640330,CCN1CCN(C(=O)c2ccc(C#C[C@]3(CN4Cc5ccc(OC)c(F)c5C4=O)NC(=O)NC3=O)cc2)CC1,nM,6.512,307.85,IC50,nM,307.85
CHEMBL3640331,COc1ccc2c(c1F)C(=O)N(C[C@@]1(C#Cc3ccc(CN4CCOCC4)nc3)NC(=O)NC1=O)C2,nM,6.156,698.1,IC50,nM,698.1
CHEMBL3640332,COc1ccc2c(c1F)C(=O)N(C[C@@]1(C#Cc3ccc(CN4CCSCC4)nc3)NC(=O)NC1=O)C2,nM,6.231,587.5,IC50,nM,587.5
CHEMBL3640333,COc1ccc2c(c1F)C(=O)N(C[C@@]1(C#Cc3ccc(CN4CCCCC4)nc3)NC(=O)NC1=O)C2,nM,6.105,785.1,IC50,nM,785.1
CHEMBL3640334,COc1ccc2c(c1F)C(=O)N(C[C@@]1(C#Cc3ccc(CN4CCc5ccc(F)cc5C4)nc3)NC(=O)NC1=O)C2,nM,5.303,4980.0,IC50,nM,4980.0
CHEMBL3640335,COc1ccc2c(c1)C(=O)N(C[C@@]1(C#Cc3ccc(-c4ccccc4O)cc3)NC(=O)NC1=O)C2,nM,6.186,652.1,IC50,nM,652.1
CHEMBL3640336,COc1ccc2c(c1)C(=O)N(C[C@@]1(C#Cc3ccc(-c4nc(-c5ccncc5)ccc4O)cc3)NC(=O)NC1=O)C2,nM,7.187,65.0,IC50,nM,65.0
CHEMBL3640337,COc1ccc2c(c1)C(=O)N(C[C@@]1(C#Cc3ccc(-c4nc(-c5cccnc5)ccc4O)cc3)NC(=O)NC1=O)C2,nM,7.096,80.25,IC50,nM,80.25
CHEMBL3640338,CCN1CCN(c2ccc(OC)c(-c3ccc(C#C[C@]4(CN5Cc6ccc(OC)cc6C5=O)NC(=O)NC4=O)cc3)n2)CC1,nM,6.242,573.3,IC50,nM,573.3
CHEMBL3640339,COc1ccc2c(c1)C(=O)N(C[C@@]1(C#Cc3ccc(-c4nc(-c5cnn(C)c5)ccc4O)cc3)NC(=O)NC1=O)C2,nM,7.215,61.0,IC50,nM,61.0
CHEMBL3640340,CCN1CCN(Cc2ccc(C#C[C@]3(CN4Cc5ccc(OC)c(F)c5C4=O)NC(=O)NC3=O)cc2)CC1,nM,6.904,124.6,IC50,nM,124.6
CHEMBL3640341,COc1ccc2c(c1)C(=O)N(C[C@@]1(C#Cc3ccc(-c4nc(-c5cccnc5)ccc4OC(C)=O)cc3)NC(=O)NC1=O)C2,nM,7.21,61.65,IC50,nM,61.65
CHEMBL1288726,CCN1CCN(c2ccc(O)c(-c3ccc(C#C[C@]4(CN5Cc6ccc(OC)cc6C5=O)NC(=O)NC4=O)cc3F)n2)CC1,nM,7.401,39.75,IC50,nM,39.75
CHEMBL3640342,CCN1CCN(Cc2ccc(C#C[C@]3(CN4Cc5ccc(OC)cc5C4=O)NC(=O)NC3=O)cn2)CC1,nM,6.107,782.3,IC50,nM,782.3
CHEMBL3640343,CCN1CCN(Cc2ccc(C#C[C@]3(CN4Cc5ccc(OC)c(F)c5C4=O)NC(=O)NC3=O)cn2)CC1,nM,6.807,156.0,IC50,nM,156.0
CHEMBL3640344,COc1ccc2c(c1F)C(=O)N(C[C@@]1(C#Cc3ccc(CN4CCN(c5ccncc5)CC4)nc3)NC(=O)NC1=O)C2,nM,6.642,228.0,IC50,nM,228.0
CHEMBL3640345,COc1ccc2c(c1)C(=O)N(C[C@@]1(C#Cc3ccc(CN4CCN(c5nccs5)CC4)cc3)NC(=O)NC1=O)C2,nM,5.505,3127.0,IC50,nM,3127.0
CHEMBL3640346,COc1ccc2c(c1F)C(=O)N(C[C@@]1(C#Cc3ccc(CN4CCN(c5ccncc5)CC4)cc3)NC(=O)NC1=O)C2,nM,6.538,289.6,IC50,nM,289.6
CHEMBL3640347,COc1ccc2c(c1F)C(=O)N(C[C@@]1(C#Cc3ccc(CN4CCN(C5CCCCC5)CC4)cc3)NC(=O)NC1=O)C2,nM,6.593,255.4,IC50,nM,255.4
CHEMBL3640348,CCN1CCN(Cc2ccc(C#C[C@]3(CN4Cc5ccc(OC)c(F)c5C4=O)NC(=O)NC3=O)cc2F)CC1,nM,6.602,249.8,IC50,nM,249.8
CHEMBL3640349,CCN1CCN(C(C)c2ccc(C#C[C@]3(CN4Cc5ccc(OC)c(F)c5C4=O)NC(=O)NC3=O)cc2)CC1,nM,6.158,695.1,IC50,nM,695.1
CHEMBL3640350,COc1ccc2c(c1F)C(=O)N(C[C@]1(C#Cc3ccc(CN4CCN(C5CCCCC5)CC4)cc3)NC(=O)NC1=O)C2,nM,4.0,100001.0,IC50,nM,100001.0
CHEMBL3640351,COc1ccc2c(c1F)C(=O)N(C[C@@]1(C#Cc3ccc(-c4nc(-c5cnn(C)c5)ccc4O)cc3)NC(=O)NC1=O)C2,nM,7.06,87.0,IC50,nM,87.0
CHEMBL3640352,COc1ccc2c(c1F)C(=O)N(C[C@@]1(C#Cc3ccc(-c4nc(-c5cnn(C)c5)ccc4O)c(F)c3)NC(=O)NC1=O)C2,nM,7.123,75.4,IC50,nM,75.4
CHEMBL3640353,CCC(=O)Oc1ccc(-c2cnn(C)c2)nc1-c1ccc(C#C[C@]2(CN3Cc4ccc(OC)cc4C3=O)NC(=O)NC2=O)cc1,nM,7.253,55.9,IC50,nM,55.9
CHEMBL3640354,COc1ccc2c(c1)C(=O)N(C[C@@]1(C#Cc3ccc(-c4nc(-c5cnn(C)c5)ccc4OC(=O)C(C)C)cc3)NC(=O)NC1=O)C2,nM,7.319,47.97,IC50,nM,47.97
CHEMBL3640355,COc1ccc2c(c1)C(=O)N(C[C@@]1(C#Cc3ccc(-c4nc(-c5cnn(C)c5)ccc4OC(=O)C(C)(C)C)cc3)NC(=O)NC1=O)C2,nM,7.369,42.75,IC50,nM,42.75
CHEMBL3640356,CCN1CCN(c2cccc(-c3ccc(C#C[C@]4(CN5Cc6ccc(OC)c(F)c6C5=O)NC(=O)NC4=O)cc3)n2)CC1,nM,6.218,605.65,IC50,nM,605.65
CHEMBL3640357,CCN1CCN(c2cccc(-c3ccc(C#C[C@]4(CN5Cc6ccc(OC)c(F)c6C5=O)NC(=O)NC4=O)cc3F)n2)CC1,nM,6.092,808.3,IC50,nM,808.3
CHEMBL3640358,COc1ccc2c(c1F)C(=O)N(C[C@@]1(C#Cc3ccc(-c4cccc(N5CCN(C6CCCCC6)CC5)n4)cc3)NC(=O)NC1=O)C2,nM,6.068,855.6,IC50,nM,855.6
CHEMBL3640359,COc1ccc2c(c1F)C(=O)N(C[C@@]1(C#Cc3ccc(-c4cccc(N5CCN(C6CCCCC6)CC5)n4)c(F)c3)NC(=O)NC1=O)C2,nM,5.614,2431.0,IC50,nM,2431.0
CHEMBL3640360,COc1ccc2c(c1F)C(=O)N(C[C@@]1(C#Cc3ccc(-c4cccc(N5CCOCC5)n4)cc3)NC(=O)NC1=O)C2,nM,5.786,1635.0,IC50,nM,1635.0
CHEMBL3640361,COc1ccc2c(c1F)C(=O)N(C[C@@]1(C#Cc3ccc(-c4cccc(N5CCOCC5)n4)c(F)c3)NC(=O)NC1=O)C2,nM,5.592,2557.0,IC50,nM,2557.0
CHEMBL3640362,COc1ccc2c(c1)C(=O)N(C[C@@]1(C#Cc3cccc(N4CCSCC4)n3)NC(=O)NC1=O)C2,nM,5.365,4316.0,IC50,nM,4316.0
CHEMBL3640363,COc1ccc2c(c1)C(=O)N(C[C@@]1(C#Cc3ccc(-c4cccc(N5CCSCC5)n4)cc3)NC(=O)NC1=O)C2,nM,3.0,1000001.0,IC50,nM,1000001.0
CHEMBL3640364,COc1ccc2c(c1F)C(=O)N(C[C@@]1(C#Cc3ccc(-c4cccc(N5CCSCC5)n4)cc3)NC(=O)NC1=O)C2,nM,5.382,4154.0,IC50,nM,4154.0
CHEMBL3640365,COc1ccc2c(c1)C(=O)N(C[C@@]1(C#Cc3ccc(-c4ccc(-c5cccc(N6CCSCC6)n5)cc4)cc3)NC(=O)NC1=O)C2,nM,3.0,1000001.0,IC50,nM,1000001.0
CHEMBL3640366,COc1ccc2c(c1F)C(=O)N(C[C@@]1(C#Cc3ccc(-c4nc(-c5cccnc5)ccc4O)cc3)NC(=O)NC1=O)C2,nM,6.976,105.65,IC50,nM,105.65
CHEMBL3640367,COc1ccc2c(c1F)C(=O)N(C[C@@]1(C#Cc3ccc(-c4nc(-c5cccnc5)ccc4O)c(F)c3)NC(=O)NC1=O)C2,nM,6.926,118.7,IC50,nM,118.7
CHEMBL3640368,COc1ccc2c(c1F)C(=O)N(C[C@@]1(C#Cc3ccc(-c4nc(N5CCC(=O)CC5)ccc4O)cc3)NC(=O)NC1=O)C2,nM,6.907,123.85,IC50,nM,123.85
CHEMBL3640369,COc1ccc2c(c1F)C(=O)N(C[C@@]1(C#Cc3ccc(-c4nc(-c5cnn(C)c5)ccc4OC(=O)C(C)(C)C)c(F)c3)NC(=O)NC1=O)C2,nM,7.165,68.45,IC50,nM,68.45
CHEMBL3640370,COc1ccc2c(c1)C(=O)N(C[C@@]1(C#Cc3ccc(-c4ncccc4OC(=O)C(C)(C)C)cc3)NC(=O)NC1=O)C2,nM,6.467,341.55,IC50,nM,341.55
CHEMBL3640371,COc1ccc2c(c1F)C(=O)N(C[C@@]1(C#Cc3ccc(-c4ncccc4O)cc3)NC(=O)NC1=O)C2,nM,7.018,96.0,IC50,nM,96.0
CHEMBL3640372,COc1ccc2c(c1)C(=O)N(C[C@@]1(C#Cc3ccc(-c4cnccc4C)nc3)NC(=O)NC1=O)C2,nM,5.621,2392.0,IC50,nM,2392.0
CHEMBL3640373,COc1ccc2c(c1)C(=O)N(C[C@@]1(C#Cc3ccc(-c4cnccc4OC)nc3)NC(=O)NC1=O)C2,nM,5.269,5377.0,IC50,nM,5377.0
CHEMBL3640374,COc1ccc2c(c1)C(=O)N(C[C@@]1(C#Cc3ccc(C4(CNS(C)(=O)=O)NC(=O)NC4=O)cc3)NC(=O)NC1=O)C2,nM,6.754,176.0,IC50,nM,176.0
CHEMBL3640375,COc1ccc2c(c1)C(=O)N(C[C@@]1(C#Cc3ccc(-n4cnc(CCNC(C)=O)c4)cc3)NC(=O)NC1=O)C2,nM,6.344,453.0,IC50,nM,453.0
CHEMBL3640376,COc1ccc2c(c1)C(=O)N(C[C@@]1(C#Cc3ccc(-n4cnc(CCNC(C)=O)c4)nc3)NC(=O)NC1=O)C2,nM,6.281,524.0,IC50,nM,524.0
CHEMBL3640377,COc1ccc2c(c1)C(=O)N(C[C@@]1(C#Cc3ccc(C4=NCCN4)c(C)c3)NC(=O)NC1=O)C2,nM,6.298,504.0,IC50,nM,504.0
CHEMBL3640378,COc1ccc2c(c1)C(=O)N(C[C@@]1(C#Cc3ccc(N4CCNC4=O)cc3)NC(=O)NC1=O)C2,nM,5.791,1618.0,IC50,nM,1618.0
CHEMBL3640379,COc1ccc2c(c1)C(=O)N(C[C@@]1(C#Cc3ccc(-n4ccnc4)cc3)NC(=O)NC1=O)C2,nM,6.105,786.0,IC50,nM,786.0
CHEMBL3640380,COc1ccc2c(c1)C(=O)N(C[C@@]1(C#Cc3ccc(-n4cncn4)cc3)NC(=O)NC1=O)C2,nM,5.943,1140.0,IC50,nM,1140.0
CHEMBL3640381,COc1ccc2c(c1)C(=O)N(C[C@@]1(C#Cc3ccc(-c4cccc(C)c4O)nc3)NC(=O)NC1=O)C2,nM,5.455,3505.0,IC50,nM,3505.0
CHEMBL3640382,COc1ccc2c(c1)C(=O)N(C[C@@]1(C#Cc3ccc(-c4ccc(C)[nH]c4=O)nc3)NC(=O)NC1=O)C2,nM,6.116,766.0,IC50,nM,766.0
CHEMBL3640383,COc1ccc2c(c1F)C(=O)N(C[C@@]1(C#Cc3ccc(C4(C)NC(=O)NC4=O)c(F)c3)NC(=O)NC1=O)C2,nM,6.83,148.0,IC50,nM,148.0
CHEMBL3640384,COc1ccc2c(c1)C(=O)N(C[C@@]1(C#Cc3ccc(-c4c(N)n[nH]c4C)cc3)NC(=O)NC1=O)C2,nM,6.312,488.0,IC50,nM,488.0
CHEMBL3640385,COc1ccc2c(c1F)C(=O)N(C[C@@]1(C#Cc3ccc4c(c3)C3(CC4)NC(=O)NC3=O)NC(=O)NC1=O)C2,nM,6.435,367.0,IC50,nM,367.0
CHEMBL3640386,COc1ccc2c(c1)C(=O)N(C[C@@]1(C#Cc3ccc(Nc4c(NCCN5CCOCC5)c(=O)c4=O)cc3)NC(=O)NC1=O)C2,nM,6.772,169.0,IC50,nM,169.0
CHEMBL3640387,COc1ccc2c(c1)C(=O)N(C[C@@]1(C#Cc3ccc(Nc4c(NCCN(C)C)c(=O)c4=O)cc3)NC(=O)NC1=O)C2,nM,6.793,161.0,IC50,nM,161.0
CHEMBL3640388,COc1ccc2c(c1)C(=O)N(C[C@@]1(C#Cc3ccc(Nc4c(N)c(=O)c4=O)cc3)NC(=O)NC1=O)C2,nM,6.514,306.0,IC50,nM,306.0
CHEMBL3640389,COc1ccc2c(c1F)C(=O)N(C[C@@]1(C#Cc3ccc(C(N=O)N4CCNC[C@@H]4C)c(F)c3)NC(=O)NC1=O)C2,nM,7.377,42.0,IC50,nM,42.0
CHEMBL3640390,COc1ccc2c(c1F)C(=O)N(C[C@@]1(C#Cc3cncc(F)c3)NC(=O)NC1=O)C2,nM,6.516,305.0,IC50,nM,305.0
CHEMBL3640391,CCN1CCN(C(N=O)c2ccc(C#C[C@]3(CN4Cc5ccc(OC)c(F)c5C4=O)NC(=O)NC3=O)cc2F)[C@@H](C)C1,nM,7.161,69.0,IC50,nM,69.0
CHEMBL3640392,COc1ccc2c(c1F)C(=O)N(C[C@@]1(C#Cc3cc(F)cnc3Cl)NC(=O)NC1=O)C2,nM,6.029,935.0,IC50,nM,935.0
CHEMBL3640393,COc1ccc2c(c1F)C(=O)N(C[C@@]1(C#Cc3ccc(C4(C#N)CCN(C)CC4)cc3)NC(=O)NC1=O)C2,nM,6.175,669.0,IC50,nM,669.0
CHEMBL3640394,COc1ccc2c(c1F)C(=O)N(C[C@@]1(C#Cc3ccc(C4(C(N)=O)CCN(C)CC4)cc3)NC(=O)NC1=O)C2,nM,6.818,152.0,IC50,nM,152.0
CHEMBL3640396,COc1ccc2c(c1)C(=O)N(C[C@@]1(C#Cc3ccc(-c4ccc(F)cc4O)nc3)NC(=O)NC1=O)C2,nM,5.024,9459.0,IC50,nM,9459.0
CHEMBL3640397,COc1ccc2c(c1F)C(=O)N(C[C@@]1(C#Cc3ccc(N4C(=O)NC5(CC5)C4=O)c(F)c3)NC(=O)NC1=O)C2,nM,6.83,148.0,IC50,nM,148.0
CHEMBL3640398,COc1ccc2c(c1)C(=O)N(CC1(C#Cc3cccc4c3CCC43NC(=O)NC3=O)NC(=O)NC1=O)C2,nM,6.0,1000.0,IC50,nM,1000.0
CHEMBL3640399,CCN1CCN(C(=O)C2CC(=O)N(c3ccc(C#C[C@]4(CN5Cc6ccc(OC)cc6C5=O)NC(=O)NC4=O)cc3)C2)CC1,nM,6.027,940.0,IC50,nM,940.0
CHEMBL3640400,COc1ccc2c(c1)C(=O)N(C[C@@]1(C#Cc3nc(-c4n[nH]c(=O)n4C4CCN(C)CC4)ccc3OC)NC(=O)NC1=O)C2,nM,5.66,2189.0,IC50,nM,2189.0
CHEMBL3640401,CCN1CCN(C(=O)C2CCC(=O)N2c2ccc(C#C[C@]3(CN4Cc5ccc(OC)cc5C4=O)NC(=O)NC3=O)cc2)CC1,nM,6.947,113.0,IC50,nM,113.0
CHEMBL3640402,COc1ccc2c(c1)C(=O)N(C[C@@]1(C#Cc3ccc(N4C(=O)CCC4C(=O)NC4CC4)cc3)NC(=O)NC1=O)C2,nM,6.896,127.0,IC50,nM,127.0
CHEMBL3639392,CCN1CCN(C(=O)C2CCC(=O)N2c2ccc(C#C[C@]3(CN4Cc5ccc(OC)c(F)c5C4=O)NC(=O)NC3=O)cc2)CC1,nM,6.818,152.0,IC50,nM,152.0
CHEMBL3640403,COc1ccc2c(c1F)C(=O)N(C[C@@]1(C#Cc3ccc(N4C(=O)CCC4C(=O)NC4CC4)cc3)NC(=O)NC1=O)C2,nM,6.556,278.0,IC50,nM,278.0
CHEMBL3640404,COc1ccc2c(c1)C(=O)N(C[C@@]1(C#Cc3ccc(N4C(=O)CCC4C(=O)N4CCN(C)CC4)cc3)NC(=O)NC1=O)C2,nM,6.381,416.0,IC50,nM,416.0
CHEMBL3640405,COc1ccc2c(c1)C(=O)N(C[C@@]1(C#Cc3ccc(N4C(=O)CCC4(C(=O)O)C(C)(C)O)nc3)NC(=O)NC1=O)C2,nM,6.238,578.0,IC50,nM,578.0
CHEMBL3640406,COc1ccc2c(c1F)C(=O)N(C[C@@]1(C#Cc3cncc(NC(=O)C4CCN(C)CC4)c3)NC(=O)NC1=O)C2,nM,7.066,86.0,IC50,nM,86.0
CHEMBL3640407,COc1ccc2c(c1)C(=O)N(C[C@@]1(C#Cc3cncc(NC(=O)C4CCN(C)CC4)c3)NC(=O)NC1=O)C2,nM,6.524,299.0,IC50,nM,299.0
CHEMBL3640408,COc1ccc2c(c1)C(=O)N(C[C@@]1(C#Cc3ccc(NC(=O)C4CCN(C)CC4)cc3)NC(=O)NC1=O)C2,nM,7.108,78.0,IC50,nM,78.0
CHEMBL3640409,COc1ccc2c(c1)C(=O)N(C[C@@]1(C#Cc3nc(C(=O)N4CCN(C)CC4)ccc3OC)NC(=O)NC1=O)C2,nM,5.529,2961.0,IC50,nM,2961.0
CHEMBL3640410,CCN1CCN(C(=O)c2ccc(OC)c(C#C[C@]3(CN4Cc5ccc(OC)cc5C4=O)NC(=O)NC3=O)n2)CC1,nM,6.206,622.0,IC50,nM,622.0
CHEMBL3640412,CCNc1nnc(-c2ccc(OC)c(C#C[C@]3(CN4Cc5ccc(OC)cc5C4=O)NC(=O)NC3=O)n2)o1,nM,6.046,899.0,IC50,nM,899.0
CHEMBL3640413,COc1ccc2c(c1)C(=O)N(C[C@@]1(C#Cc3ccc(-n4cn[nH]c4=O)cc3)NC(=O)NC1=O)C2,nM,6.269,538.0,IC50,nM,538.0
CHEMBL3640414,COc1ccc2c(c1)C(=O)N(C[C@@]1(C#Cc3ccc(-n4c(C)n[nH]c4=O)cc3)NC(=O)NC1=O)C2,nM,6.614,243.0,IC50,nM,243.0
CHEMBL3640415,COc1ccc2c(c1)C(=O)N(C[C@@]1(C#Cc3ccc(-n4c(-c5cccnc5)n[nH]c4=O)cc3)NC(=O)NC1=O)C2,nM,6.588,258.0,IC50,nM,258.0
CHEMBL3640416,CCN1CCN(C(=O)C2CCC(=O)N2c2ccc(OC)c(C#C[C@]3(CN4Cc5ccc(OC)cc5C4=O)NC(=O)NC3=O)n2)CC1,nM,5.473,3363.0,IC50,nM,3363.0
CHEMBL3640417,COc1ccc2c(c1)C(=O)N(C[C@@]1(C#Cc3ccccc3C=O)NC(=O)NC1=O)C2,nM,6.029,936.0,IC50,nM,936.0
CHEMBL3640418,COc1ccc2c(c1)C(=O)N(C[C@@]1(C#Cc3ccc(-c4nnc(N)o4)cc3)NC(=O)NC1=O)C2,nM,6.613,244.0,IC50,nM,244.0
CHEMBL3640419,CCNc1nnc(-c2ccc(C#C[C@]3(CN4Cc5ccc(OC)cc5C4=O)NC(=O)NC3=O)cc2)o1,nM,6.57,269.0,IC50,nM,269.0
CHEMBL3640420,COc1ccc2c(c1)C(=O)N(C[C@@]1(C#Cc3nc(N)ccc3O)NC(=O)NC1=O)C2,nM,6.093,808.0,IC50,nM,808.0
CHEMBL3640421,COc1ccc2c(c1)C(=O)N(C[C@@]1(C#Cc3nc(-c4cccc(O)c4)ccc3OC)NC(=O)NC1=O)C2,nM,5.004,9906.0,IC50,nM,9906.0
CHEMBL3640422,CCN1CCN(/C(=N/O)c2cnc(C#C[C@]3(CN4Cc5ccc(OC)cc5C4=O)NC(=O)NC3=O)c(OC)c2)CC1,nM,6.69,204.0,IC50,nM,204.0
CHEMBL3640423,COc1ccc2c(c1)C(=O)N(C[C@@]1(C#Cc3ncc(C(N=O)N4CCN(c5cnccn5)CC4)cc3OC)NC(=O)NC1=O)C2,nM,6.288,515.0,IC50,nM,515.0
CHEMBL3640424,COc1ccc2c(c1)C(=O)N(C[C@@]1(C#Cc3nc(N4C[C@@H](O)CC4=O)ccc3OC)NC(=O)NC1=O)C2,nM,6.077,837.1,IC50,nM,837.1
CHEMBL3640425,COc1ccc2c(c1)C(=O)N(C[C@@]1(C#Cc3nc(-c4cccc(C#N)c4)ccc3OC)NC(=O)NC1=O)C2,nM,3.0,1000001.0,IC50,nM,1000001.0
CHEMBL3640426,COc1ccc2c(c1)C(=O)N(C[C@@]1(C#Cc3nc(N4C(=O)CC[C@H]4CO)ccc3OC)NC(=O)NC1=O)C2,nM,5.812,1542.0,IC50,nM,1542.0
CHEMBL3640427,COc1ccc2c(c1)C(=O)N(C[C@@]1(C#Cc3nc(N4C[C@H](O)CC4=O)ccc3OC)NC(=O)NC1=O)C2,nM,5.946,1132.0,IC50,nM,1132.0
CHEMBL3640428,COc1ccc2c(c1)C(=O)N(C[C@@]1(C#Cc3nc(N4C(=O)CCC4C)ccc3OC)NC(=O)NC1=O)C2,nM,5.021,9537.2,IC50,nM,9537.2
CHEMBL3640429,COCCN1CCN(c2ccc(OC)c(C#C[C@]3(CN4Cc5ccc(OC)cc5C4=O)NC(=O)NC3=O)n2)CC1,nM,5.243,5710.4,IC50,nM,5710.4
CHEMBL3640430,COc1ccc(N2CCC2=O)nc1C#C[C@]1(CN2Cc3ccc(OC)c(F)c3C2=O)NC(=O)NC1=O,nM,5.931,1171.0,IC50,nM,1171.0
CHEMBL3640431,COc1ccc2c(c1)C(=O)N(C[C@@]1(C#Cc3ccc(N4CCCCC4)nc3)NC(=O)NC1=O)C2,nM,6.289,514.0,IC50,nM,514.0
CHEMBL3640432,COc1ccc2c(c1)C(=O)N(C[C@@]1(C#Cc3nc(-c4cnc(N(C)C)nc4)ccc3OC)NC(=O)NC1=O)C2,nM,5.0,10001.0,IC50,nM,10001.0
CHEMBL3640433,COc1ccc2c(c1)C(=O)N(C[C@@]1(C#Cc3nc(-c4ccc(N5CCNCC5)nc4)ccc3OC)NC(=O)NC1=O)C2,nM,5.688,2049.0,IC50,nM,2049.0
CHEMBL3640434,COc1ccc2c(c1)C(=O)N(C[C@@]1(C#Cc3nc(-c4ccc(S(=O)(=O)NC5CC5)cc4)ccc3OC)NC(=O)NC1=O)C2,nM,5.152,7043.0,IC50,nM,7043.0
CHEMBL3642426,COc1ccc2c(c1)C(=O)N(C[C@@]1(C#Cc3nc(-c4cncc(C#N)c4)ccc3OC)NC(=O)NC1=O)C2,nM,5.747,1790.0,IC50,nM,1790.0
CHEMBL3642427,COc1ccc2c(c1)C(=O)N(C[C@@]1(C#Cc3nc(-c4ccc(C#N)nc4)ccc3OC)NC(=O)NC1=O)C2,nM,2.0,10000001.0,IC50,nM,10000001.0
CHEMBL3642429,COc1ccc2c(c1)C(=O)N(C[C@@]1(C#Cc3ccc(N(c4cccnc4)C4CCNCC4)nc3)NC(=O)NC1=O)C2,nM,6.367,430.0,IC50,nM,430.0
CHEMBL3642430,COc1ccc2c(c1)C(=O)N(C[C@@]1(C#Cc3ccc(C(c4ccc[nH]4)c4ccc[nH]4)cc3)NC(=O)NC1=O)C2,nM,5.921,1199.0,IC50,nM,1199.0
CHEMBL3642431,COc1ccc2c(c1)C(=O)N(C[C@@]1(C#Cc3ccc(CCN)cc3)NC(=O)NC1=O)C2,nM,6.66,219.0,IC50,nM,219.0
CHEMBL1287882,COc1ccc2c(c1)C(=O)N(C[C@@]1(C#Cc3ccc(N4CCNCC4)cc3)NC(=O)NC1=O)C2,nM,6.688,205.0,IC50,nM,205.0
CHEMBL3642432,COc1ccc2c(c1)C(=O)N(C[C@@]1(C#Cc3ncc(NCc4nccc(=O)[nH]4)cc3OC)NC(=O)NC1=O)C2,nM,6.199,632.0,IC50,nM,632.0
CHEMBL3642433,COc1ccc2c(c1)C(=O)N(C[C@@]1(C#Cc3nc(N4CCN(c5ccncc5)CC4)ccc3OC)NC(=O)NC1=O)C2,nM,5.138,7271.0,IC50,nM,7271.0
CHEMBL3642434,COc1ccc2c(c1)C(=O)N(C[C@@]1(C#Cc3cncc(-c4ccc(N)nc4)c3)NC(=O)NC1=O)C2,nM,6.289,513.5,IC50,nM,513.5
CHEMBL3642435,COc1ccc2c(c1)C(=O)N(C[C@@]1(C#Cc3cncc(-c4cn[nH]c4)c3)NC(=O)NC1=O)C2,nM,6.585,260.0,IC50,nM,260.0
CHEMBL3642436,COc1ccc2c(c1)C(=O)N(C[C@@]1(C#Cc3cncc(-c4ccc(C(N)=O)cc4)c3)NC(=O)NC1=O)C2,nM,6.442,361.0,IC50,nM,361.0
CHEMBL3642437,COc1ccc2c(c1)C(=O)N(C[C@@]1(C#Cc3cnc(N)nc3N)NC(=O)NC1=O)C2,nM,5.797,1597.0,IC50,nM,1597.0
CHEMBL3642438,COc1ccc2c(c1)C(=O)N(C[C@@]1(C#Cc3cnc(N4CCC(=O)CC4)nc3N)NC(=O)NC1=O)C2,nM,5.997,1008.0,IC50,nM,1008.0
CHEMBL3642439,COc1ccc2c(c1)C(=O)N(C[C@@]1(C#Cc3ccc(N4CCC(=O)CC4)nc3)NC(=O)NC1=O)C2,nM,6.0,1001.0,IC50,nM,1001.0
CHEMBL3642440,COc1ccc2c(c1)C(=O)N(C[C@@]1(C#Cc3cncc(-c4ccc(C(N)=O)o4)c3)NC(=O)NC1=O)C2,nM,6.11,776.1,IC50,nM,776.1
CHEMBL3642441,COc1ccc2c(c1F)C(=O)N(C[C@@]1(C#Cc3ccc4c(c3)CCC43NC(=O)NC3=O)NC(=O)NC1=O)C2,nM,6.73,186.0,IC50,nM,186.0
CHEMBL3642442,COc1ccc2c(c1)C(=O)N(C[C@@]1(C#Cc3ccc(C4(CN)NC(=O)NC4=O)cc3)NC(=O)NC1=O)C2,nM,6.64,229.0,IC50,nM,229.0
CHEMBL3642443,COc1ccc2c(c1)C(=O)N(C[C@@]1(C#Cc3ccc(C4(CN5Cc6cc(O)ccc6C5=O)NC(=O)NC4=O)cc3)NC(=O)NC1=O)C2,nM,6.378,419.0,IC50,nM,419.0
CHEMBL3642444,COc1ccc2c(c1)C(=O)N(C[C@]1(c3ccc(C#C[C@]4(CN5Cc6ccc(OC)cc6C5=O)NC(=O)NC4=O)cc3)NC(=O)NC1=O)C2,nM,6.071,849.0,IC50,nM,849.0
CHEMBL3642445,COc1ccc2c(c1)C(=O)N(C[C@@]1(C#Cc3ccc([C@@]4(CN)NC(=O)NC4=O)cc3)NC(=O)NC1=O)C2,nM,6.914,122.0,IC50,nM,122.0
CHEMBL3642446,COc1ccc2c(c1)C(=O)N(C[C@@]1(C#Cc3cnc4ccccc4c3CO)NC(=O)NC1=O)C2,nM,5.051,8897.0,IC50,nM,8897.0
CHEMBL3642447,COc1ccc2c(c1)C(=O)N(C[C@@]1(C#Cc3cc(C(N)=O)ccc3C)NC(=O)NC1=O)C2,nM,6.38,417.0,IC50,nM,417.0
CHEMBL3642448,COc1ccc2c(c1)C(=O)N(C[C@@]1(C#Cc3ccc(CCNC(=O)C(F)(F)F)s3)NC(=O)NC1=O)C2,nM,6.032,930.0,IC50,nM,930.0
CHEMBL3642449,COc1ccc2c(c1)C(=O)N(C[C@@]1(C#Cc3ccc(C4=NCCN4)cc3)NC(=O)NC1=O)C2,nM,6.644,227.0,IC50,nM,227.0
CHEMBL3642450,COc1ccc2c(c1)C(=O)N(C[C@@]1(C#Cc3ccc(-c4nnc[nH]4)cc3OC)NC(=O)NC1=O)C2,nM,6.883,131.0,IC50,nM,131.0
CHEMBL3642451,COc1ccc2c(c1)C(=O)N(C[C@@]1(C#Cc3ccc(C(=O)NO)cc3OC)NC(=O)NC1=O)C2,nM,6.836,146.0,IC50,nM,146.0
CHEMBL3642452,COc1ccc2c(c1)C(=O)N(C[C@@]1(C#Cc3ccc(-n4ccnc4)cc3OC)NC(=O)NC1=O)C2,nM,6.105,786.0,IC50,nM,786.0
CHEMBL3642453,COc1ccc2c(c1)C(=O)N(C[C@@]1(C#Cc3cc(Br)ccc3O)NC(=O)NC1=O)C2,nM,5.0,10001.0,IC50,nM,10001.0
CHEMBL3642454,COc1ccc2c(c1)C(=O)N(C[C@@]1(C#Cc3ccc(OC)nc3OC)NC(=O)NC1=O)C2,nM,6.0,1001.0,IC50,nM,1001.0
CHEMBL3642455,COc1ccc2c(c1)C(=O)N(C[C@@]1(C#Cc3cnc(C)[nH]c3=O)NC(=O)NC1=O)C2,nM,5.947,1130.0,IC50,nM,1130.0
CHEMBL3642456,COc1ccc2c(c1)C(=O)N(C[C@@]1(C#Cc3c(C)ncc(C(=O)O)c3O)NC(=O)NC1=O)C2,nM,6.156,699.0,IC50,nM,699.0
CHEMBL3642457,COc1ccc2c(c1)C(=O)N(C[C@@]1(C#Cc3cncc(-c4csc(N)n4)c3)NC(=O)NC1=O)C2,nM,6.091,811.0,IC50,nM,811.0
CHEMBL3642458,COc1ccc2c(c1)C(=O)N(C[C@@]1(C#Cc3ccc(-c4cc[nH]n4)nc3)NC(=O)NC1=O)C2,nM,6.636,231.0,IC50,nM,231.0
CHEMBL3642459,COc1ccc2c(c1)C(=O)N(C[C@@]1(C#Cc3cncc(-c4cc[nH]n4)c3)NC(=O)NC1=O)C2,nM,6.169,678.0,IC50,nM,678.0
CHEMBL3642460,COc1ccc2c(c1)C(=O)N(C[C@@]1(C#Cc3ccc4c(N)n[nH]c4c3)NC(=O)NC1=O)C2,nM,6.509,309.6,IC50,nM,309.6
CHEMBL3642461,COc1ccc2c(c1)C(=O)N(C[C@@]1(C#Cc3ccc4[nH]nc(N)c4c3)NC(=O)NC1=O)C2,nM,6.284,520.1,IC50,nM,520.1
CHEMBL3642462,CCN1CCN(c2n[nH]c3ccc(C#C[C@]4(CN5Cc6ccc(OC)cc6C5=O)NC(=O)NC4=O)cc23)CC1,nM,6.375,421.75,IC50,nM,421.75
CHEMBL3642463,CCN1CCN(c2n[nH]c3cc(C#C[C@]4(CN5Cc6ccc(OC)cc6C5=O)NC(=O)NC4=O)ccc23)CC1,nM,6.726,187.95,IC50,nM,187.95
CHEMBL3642464,COc1ccc2c(c1)C(=O)N(C[C@@]1(C#Cc3cncc(NS(C)(=O)=O)c3)NC(=O)NC1=O)C2,nM,6.413,386.0,IC50,nM,386.0
CHEMBL3642465,COc1ccc2c(c1)C(=O)N(C[C@@]1(C#Cc3cncc(NS(=O)(=O)C(C)C)c3)NC(=O)NC1=O)C2,nM,6.0,1001.0,IC50,nM,1001.0
CHEMBL3642466,COc1ccc2c(c1)C(=O)N(C[C@@]1(C#Cc3cncc(NC(C)=O)c3)NC(=O)NC1=O)C2,nM,6.353,444.0,IC50,nM,444.0
CHEMBL3642467,CCOC(=O)Nc1cncc(C#C[C@]2(CN3Cc4ccc(OC)cc4C3=O)NC(=O)NC2=O)c1,nM,5.91,1230.0,IC50,nM,1230.0
CHEMBL3642468,COc1ccc2c(c1)C(=O)N(C[C@@]1(C#Cc3c[nH]c4nc(=O)oc-4c3)NC(=O)NC1=O)C2,nM,6.241,574.0,IC50,nM,574.0
CHEMBL3642469,COc1ccc2c(c1)C(=O)N(C[C@@]1(C#Cc3ccc(C(N=O)c4ccc(F)cc4)cc3)NC(=O)NC1=O)C2,nM,6.02,954.0,IC50,nM,954.0
CHEMBL3642470,COc1ccc2c(c1)C(=O)N(C[C@@]1(C#Cc3ccc(C(N=O)C4CCN(C)CC4)cc3)NC(=O)NC1=O)C2,nM,7.398,40.0,IC50,nM,40.0
CHEMBL3642471,COc1ccc2c(c1Cl)C(=O)N(CC1(C#Cc3cccnc3)NC(=O)NC1=O)C2,nM,6.0,1001.0,IC50,nM,1001.0
CHEMBL3642472,COc1ccc2c(c1)C(=O)N(C[C@@]1(C#Cc3cc(Cl)cnc3N)NC(=O)NC1=O)C2,nM,5.0,10001.0,IC50,nM,10001.0
CHEMBL3642473,COc1ccc2c(c1)C(=O)N(C[C@@]1(C#Cc3ccnc(SC)n3)NC(=O)NC1=O)C2,nM,5.518,3035.0,IC50,nM,3035.0
CHEMBL3642474,COc1ccc2c(c1)C(=O)N(C[C@]1(C#Cc3ccnc(SC)n3)NC(=O)NC1=O)C2,nM,5.0,10001.0,IC50,nM,10001.0
CHEMBL3642475,COc1ccc2c(c1)C(=O)N(C[C@@]1(C#Cc3ccc(F)c(C(O)(O)C(F)(F)F)c3)NC(=O)NC1=O)C2,nM,5.929,1178.0,IC50,nM,1178.0
CHEMBL3642476,COc1ccc2c(c1)C(=O)N(C[C@@]1(C#Cc3ccc(C(O)(O)C(F)(F)F)cc3)NC(=O)NC1=O)C2,nM,6.589,257.8,IC50,nM,257.8
CHEMBL3642477,COc1ccc2c(c1)C(=O)N(C[C@@]1(C#Cc3ccc(-c4noc(C)n4)cc3)NC(=O)NC1=O)C2,nM,5.614,2430.0,IC50,nM,2430.0
CHEMBL3642478,COc1ccc2c(c1)C(=O)N(C[C@@]1(C#Cc3cncc(-c4noc(C(N)=O)n4)c3)NC(=O)NC1=O)C2,nM,6.147,712.9,IC50,nM,712.9
CHEMBL3642479,COc1ccc2c(c1)C(=O)N(C[C@@]1(C#Cc3cncc(C(=O)NN)c3)NC(=O)NC1=O)C2,nM,6.365,432.0,IC50,nM,432.0
CHEMBL3642480,COc1ccc2c(c1)C(=O)N(C[C@]1(C#Cc3cncc(C(=O)NN)c3)NC(=O)NC1=O)C2,nM,6.0,1001.0,IC50,nM,1001.0
CHEMBL3642481,COc1ccc2c(c1)C(=O)N(C[C@]1(C#Cc3ccc(C(=O)NS(C)(=O)=O)nc3)NC(=O)NC1=O)C2,nM,6.0,1001.0,IC50,nM,1001.0
CHEMBL3639413,COc1ccc2c(c1)C(=O)N(C[C@@]1(C#Cc3ccc(C(=O)NS(C)(=O)=O)nc3)NC(=O)NC1=O)C2,nM,5.864,1368.0,IC50,nM,1368.0
CHEMBL3642482,COc1ccc2c(c1)C(=O)N(C[C@]1(C#Cc3cnc(N)c(C(=O)O)c3)NC(=O)NC1=O)C2,nM,6.0,1001.0,IC50,nM,1001.0
CHEMBL3642483,COc1ccc2c(c1)C(=O)N(C[C@@]1(C#Cc3cnc(N)c(C(=O)NS(C)(=O)=O)c3)NC(=O)NC1=O)C2,nM,5.0,10001.0,IC50,nM,10001.0
CHEMBL3642484,COc1ccc2c(c1)C(=O)N(C[C@]1(C#Cc3ccc(C(=O)O)s3)NC(=O)NC1=O)C2,nM,5.0,10001.0,IC50,nM,10001.0
CHEMBL3642485,COc1ccc2c(c1)C(=O)N(C[C@@]1(C#Cc3ccc(C4(C5CCC5)NC(=O)NC4=O)cc3)NC(=O)NC1=O)C2,nM,6.418,382.0,IC50,nM,382.0
CHEMBL3642486,COc1ccc2c(c1)C(=O)N(C[C@@]1(C#Cc3ccc(C4(C)NC(=O)NC4=O)s3)NC(=O)NC1=O)C2,nM,6.682,208.0,IC50,nM,208.0
CHEMBL3642487,COc1ccc2c(c1)C(=O)N(C[C@@]1(C#Cc3csc(C4(C)NC(=O)NC4=O)c3)NC(=O)NC1=O)C2,nM,6.275,531.0,IC50,nM,531.0
CHEMBL3642488,COc1ccc2c(c1)C(=O)N(C[C@@]1(C#Cc3ccc4oc(C5(C)NC(=O)NC5=O)cc4c3)NC(=O)NC1=O)C2,nM,6.535,292.0,IC50,nM,292.0
CHEMBL3642489,COc1ccc2c(c1)C(=O)N(C[C@@]1(C#Cc3ccc4oc(C5(C)NC(=O)NC5=O)c(C)c4c3)NC(=O)NC1=O)C2,nM,6.264,545.0,IC50,nM,545.0
CHEMBL3642490,CCN1CCN(C(N=O)c2ccc(C#C[C@]3(CN4Cc5ccc(OC)cc5C4=O)NC(=O)NC3=O)cc2)CC1,nM,7.699,20.0,IC50,nM,20.0
CHEMBL3642491,COc1ccc2c(c1)C(=O)N(C[C@@]1(C#Cc3ccc(C(N=O)N4CCSCC4)cc3)NC(=O)NC1=O)C2,nM,6.815,153.0,IC50,nM,153.0
CHEMBL3642492,COc1ccc2c(c1)C(=O)N(C[C@@]1(C#Cc3ccc(/C(=N/O)N4CCCN(C)CC4)cc3)NC(=O)NC1=O)C2,nM,7.347,45.0,IC50,nM,45.0
CHEMBL3642493,COc1ccc2c(c1)C(=O)N(C[C@@]1(C#Cc3ccc(/C(=N/O)N4CCC4)cc3)NC(=O)NC1=O)C2,nM,6.73,186.0,IC50,nM,186.0
CHEMBL3642494,COc1ccc2c(c1)C(=O)N(C[C@@]1(C#Cc3cccc(C(N=O)N4CCN(C)CC4)c3)NC(=O)NC1=O)C2,nM,6.656,221.0,IC50,nM,221.0
CHEMBL3642495,COc1ccc2c(c1)C(=O)N(C[C@@]1(C#Cc3cccc(C(N=O)N4CCOCC4)c3)NC(=O)NC1=O)C2,nM,6.562,274.0,IC50,nM,274.0
CHEMBL3642496,COc1ccc2c(c1)C(=O)N(C[C@@]1(C#Cc3ccc(C(N=O)N4CCN(C5CC5)CC4)cc3)NC(=O)NC1=O)C2,nM,7.036,92.0,IC50,nM,92.0
CHEMBL3642497,CCN1CCN(C(N=O)c2cncc(C#C[C@]3(CN4Cc5ccc(OC)cc5C4=O)NC(=O)NC3=O)c2)CC1,nM,6.362,435.0,IC50,nM,435.0
CHEMBL3642498,COc1ccc2c(c1)C(=O)N(C[C@@]1(C#Cc3cncc(C(N=O)N4CCCN(C)CC4)c3)NC(=O)NC1=O)C2,nM,5.879,1322.0,IC50,nM,1322.0
CHEMBL3642499,CCCCN1CCN(/C(=N/O)c2ccc(C#C[C@]3(CN4Cc5ccc(OC)cc5C4=O)NC(=O)NC3=O)cc2)CC1,nM,7.131,74.0,IC50,nM,74.0
CHEMBL3642500,COc1ccc2c(c1)C(=O)N(C[C@@]1(C#Cc3ccc(C(N=O)N4CCN(C5CCCCC5)CC4)cc3)NC(=O)NC1=O)C2,nM,7.119,76.0,IC50,nM,76.0
CHEMBL3642501,COc1ccc2c(c1)C(=O)N(C[C@@]1(C#Cc3ccc(C(N=O)N4CCN(C5CCCCCC5)CC4)cc3)NC(=O)NC1=O)C2,nM,6.821,151.0,IC50,nM,151.0
CHEMBL3642502,COc1ccc2c(c1)C(=O)N(C[C@@]1(C#Cc3ccc(C(N=O)N4CCN(c5ccccc5)CC4)cc3)NC(=O)NC1=O)C2,nM,6.556,278.0,IC50,nM,278.0
CHEMBL3642503,COc1ccc2c(c1)C(=O)N(C[C@@]1(C#Cc3ccc4c(c3)C(C)Oc3cccnc3-4)NC(=O)NC1=O)C2,nM,5.45,3546.0,IC50,nM,3546.0
CHEMBL3642504,CCN1CCN(C(CO)c2ccc(C#C[C@]3(CN4Cc5ccc(OC)cc5C4=O)NC(=O)NC3=O)cc2)CC1,nM,6.298,504.0,IC50,nM,504.0
CHEMBL3642505,COc1ccc2c(c1)C(=O)N(C[C@@]1(C#Cc3ccc(/C(=N/O)N4CCCN(C(C)C)CC4)cc3)NC(=O)NC1=O)C2,nM,7.328,47.0,IC50,nM,47.0
CHEMBL3642506,CO/N=C(\c1ccc(C#C[C@]2(CN3Cc4ccc(OC)cc4C3=O)NC(=O)NC2=O)cc1)N1CCOCC1,nM,5.908,1237.0,IC50,nM,1237.0
CHEMBL1287881,CCN1CCN(Cc2ccc(C#C[C@]3(CN4Cc5ccc(OC)cc5C4=O)NC(=O)NC3=O)cc2)CC1,nM,6.623,238.0,IC50,nM,238.0
CHEMBL1288000,COc1ccc2c(c1)C(=O)N(C[C@@]1(C#Cc3ccc(-c4ncccc4O)cc3)NC(=O)NC1=O)C2,nM,6.932,117.0,IC50,nM,117.0
CHEMBL3642507,COc1ccc2c(c1)C(=O)N(C[C@@]1(C#Cc3ccc(C/N=N/c4ccccc4)cc3)NC(=O)NC1=O)C2,nM,5.912,1224.0,IC50,nM,1224.0
CHEMBL3642508,CCN1CCN(c2ccc(O)c(-c3ccc(C#C[C@]4(CN5Cc6ccc(OC)cc6C5=O)NC(=O)NC4=O)cc3)n2)CC1,nM,7.14,72.4,IC50,nM,72.4
CHEMBL3642509,COc1ccc2c(c1)C(=O)N(C[C@@]1(C#Cc3ccc(C(N=O)N4CCOCC4)cc3)NC(=O)NC1=O)C2,nM,7.0,100.0,IC50,nM,100.0
CHEMBL3642510,COc1ccc2c(c1)C(=O)N(C[C@@]1(C#Cc3ccc(C(N=O)N4CCCC4)cc3)NC(=O)NC1=O)C2,nM,6.193,641.0,IC50,nM,641.0
CHEMBL3642511,COc1ccc2c(c1)C(=O)N(C[C@@]1(C#Cc3ccc(C(N=O)N4CCN(C)CC4)cc3)NC(=O)NC1=O)C2,nM,7.187,65.0,IC50,nM,65.0
CHEMBL3642512,COc1ccc2c(c1)C(=O)N(C[C@@]1(C#Cc3ccc(C(N=O)N4CCC(=O)CC4)cc3)NC(=O)NC1=O)C2,nM,7.066,86.0,IC50,nM,86.0
CHEMBL3642513,COc1ccc2c(c1)C(=O)N(C[C@@]1(C#Cc3ccc(C(N=O)N4CCCCC4)cc3)NC(=O)NC1=O)C2,nM,6.812,154.0,IC50,nM,154.0
CHEMBL3642514,COc1ccc2c(c1)C(=O)N(C[C@@]1(C#Cc3ccc(C(N=O)N4CCN(C)CC4)s3)NC(=O)NC1=O)C2,nM,6.658,220.0,IC50,nM,220.0
CHEMBL3642515,COc1ccc2c(c1)C(=O)N(C[C@@]1(C#Cc3ccc(C(N=O)N4CCOCC4)s3)NC(=O)NC1=O)C2,nM,6.243,571.0,IC50,nM,571.0
CHEMBL3642516,COc1ccc2c(c1)C(=O)N(C[C@@]1(C#Cc3ccc(C(N=O)N4CCN(C)CC4)nc3)NC(=O)NC1=O)C2,nM,7.06,87.0,IC50,nM,87.0
CHEMBL3642517,CCN1CCN(C(N=O)c2ccc(C#C[C@]3(CN4Cc5ccc(OC)cc5C4=O)NC(=O)NC3=O)cn2)CC1,nM,7.06,87.0,IC50,nM,87.0
CHEMBL3642518,COc1ccc2c(c1)C(=O)N(C[C@@]1(C#Cc3ccc(C4(C)NC(=O)NC4=O)cc3C)NC(=O)NC1=O)C2,nM,6.31,490.0,IC50,nM,490.0
CHEMBL3642519,COc1ccc2c(c1)C(=O)N(C[C@@]1(C#Cc3ccc(C4(C)NC(=O)NC4=S)cc3)NC(=O)NC1=O)C2,nM,6.4,398.0,IC50,nM,398.0
CHEMBL3642520,COc1ccc2c(c1)C(=O)N(C[C@@]1(C#Cc3ccc([C@H]4CCC(=O)N4)cc3)NC(=O)NC1=O)C2,nM,6.133,736.0,IC50,nM,736.0
CHEMBL3642521,COc1ccc2c(c1)C(=O)N(C[C@@]1(C#Cc3ccc(C4(C(N)=O)CC4)cc3)NC(=O)NC1=O)C2,nM,6.644,227.0,IC50,nM,227.0
CHEMBL3642522,CNC(=O)C1(c2ccc(C#C[C@]3(CN4Cc5ccc(OC)cc5C4=O)NC(=O)NC3=O)cc2)CC1,nM,6.354,443.0,IC50,nM,443.0
CHEMBL3642523,COc1ccc2c(c1)C(=O)N(C[C@@]1(C#Cc3ccc(C(C)(C)C(N)=O)cc3)NC(=O)NC1=O)C2,nM,6.287,517.0,IC50,nM,517.0
CHEMBL3642524,COc1ccc2c(c1)C(=O)N(C[C@@]1(C#Cc3cccnc3-c3cnn(C)c3)NC(=O)NC1=O)C2,nM,5.653,2223.0,IC50,nM,2223.0
CHEMBL3642525,COc1ccc2c(c1)C(=O)N(C[C@@]1(C#Cc3cccnc3-c3c(C)nn(C)c3C)NC(=O)NC1=O)C2,nM,5.596,2535.0,IC50,nM,2535.0
CHEMBL3642526,C#C[C@]1(CN2Cc3ccc(OC)c(F)c3C2=O)NC(=O)NC1=O,nM,6.075,841.0,IC50,nM,841.0
CHEMBL3642527,COc1ccc2c(c1)C(=O)N(C[C@@]1(C#Cc3cccnc3-c3cn[nH]c3)NC(=O)NC1=O)C2,nM,6.033,927.0,IC50,nM,927.0
CHEMBL3642528,COc1ccc2c(c1F)C(=O)N(C[C@@]1(C#Cc3cccnc3)NC(=O)NC1=O)C2,nM,6.873,134.0,IC50,nM,134.0
CHEMBL3642529,COc1ccc2c(c1)C(=O)N(C[C@@]1(C#Cc3ccc(-c4c(C)nn(C)c4C)nc3)NC(=O)NC1=O)C2,nM,5.044,9028.0,IC50,nM,9028.0
CHEMBL3642530,COc1ccc2c(c1)C(=O)N(C[C@@]1(C#Cc3ccc(-c4cnn(C)c4)nc3)NC(=O)NC1=O)C2,nM,5.989,1026.0,IC50,nM,1026.0
CHEMBL3642531,COc1ccc2c(c1)C(=O)N(C[C@@]1(C#Cc3cccnc3-c3cccnc3)NC(=O)NC1=O)C2,nM,5.675,2113.0,IC50,nM,2113.0
CHEMBL3642532,COC(=O)C(c1ccc(C#C[C@]2(CN3Cc4ccc(OC)cc4C3=O)NC(=O)NC2=O)cc1)N1CCCNCC1,nM,6.247,566.0,IC50,nM,566.0
CHEMBL3642533,COc1ccc2c(c1)C(=O)N(C[C@@]1(C#Cc3ccc(C(C(N)=O)N4CCCNCC4)cc3)NC(=O)NC1=O)C2,nM,6.52,302.0,IC50,nM,302.0
CHEMBL3642534,COc1ccc2c(c1)C(=O)N(C[C@@]1(C#Cc3ccc(C(C(=O)O)N4CCCNCC4)cc3)NC(=O)NC1=O)C2,nM,6.231,588.0,IC50,nM,588.0
CHEMBL3642535,COc1ccc2c(c1F)C(=O)N(C[C@@]1(C#Cc3cccnc3C)NC(=O)NC1=O)C2,nM,6.714,193.0,IC50,nM,193.0
CHEMBL3642536,COc1ccc2c(c1F)C(=O)N(C[C@@]1(C#Cc3ccc(C)nc3)NC(=O)NC1=O)C2,nM,6.402,396.0,IC50,nM,396.0
CHEMBL3642537,COc1ccc2c(c1)C(=O)N(C[C@@]1(C#Cc3ccc(/N=C(\N)NC#N)cc3)NC(=O)NC1=O)C2,nM,6.824,150.0,IC50,nM,150.0
CHEMBL3642538,CCN1CCC(C(=O)OC)(c2ccc(C#C[C@]3(CN4Cc5ccc(OC)cc5C4=O)NC(=O)NC3=O)cc2)CC1,nM,6.541,288.0,IC50,nM,288.0
CHEMBL3642539,COc1ccc2c(c1)C(=O)N(C[C@@]1(C#Cc3ccc(-c4ccccc4O)nc3)NC(=O)NC1=O)C2,nM,5.68,2090.0,IC50,nM,2090.0
CHEMBL3642540,CCN1CCC(C(=O)O)(c2ccc(C#C[C@]3(CN4Cc5ccc(OC)cc5C4=O)NC(=O)NC3=O)cc2)CC1,nM,6.62,239.8,IC50,nM,239.8
CHEMBL3642541,CCC1(c2ccc(C#CC3(CN4Cc5ccc(OC)cc5C4=O)NC(=O)NC3=O)cc2)NC(=O)NC1=O,nM,6.648,225.0,IC50,nM,225.0
CHEMBL3642542,COc1ccc2c(c1)C(=O)N(C[C@@]1(C#Cc3ccc(C4(C)NC(=O)NC4=O)nc3)NC(=O)NC1=O)C2,nM,6.264,544.0,IC50,nM,544.0
CHEMBL3642543,COc1ccc2c(c1)C(=O)N(C[C@@]1(C#Cc3ccc(CC4(C)NC(=O)NC4=O)cc3)NC(=O)NC1=O)C2,nM,6.0,1001.0,IC50,nM,1001.0
CHEMBL3642544,COc1ccc2c(c1)C(=O)N(C[C@@]1(C#Cc3ccc(C4(C)NC(=O)NC4=O)c(F)c3)NC(=O)NC1=O)C2,nM,6.614,243.0,IC50,nM,243.0
CHEMBL1288211,COc1ccc2c(c1)C(=O)N(C[C@@]1(C#Cc3ccc(CC(N)=O)cc3)NC(=O)NC1=O)C2,nM,6.857,139.0,IC50,nM,139.0
CHEMBL3642545,COC(=O)Cc1ccc(C#C[C@]2(CN3Cc4ccc(OC)cc4C3=O)NC(=O)NC2=O)cc1,nM,6.421,379.0,IC50,nM,379.0
CHEMBL3642546,COc1ccc2c(c1)C(=O)N(CC1(C#Cc3cccnc3N3CCN(C)CC3)NC(=O)NC1=O)C2,nM,5.91,1231.0,IC50,nM,1231.0
CHEMBL3642547,COc1ccc2c(c1)C(=O)N(CC1(C#Cc3cccnc3NCCN(C)C)NC(=O)NC1=O)C2,nM,5.7,1996.0,IC50,nM,1996.0
CHEMBL3642548,COc1ccc2c(c1)C(=O)N(C[C@@]1(C#Cc3cccnc3N3CCOCC3)NC(=O)NC1=O)C2,nM,6.199,633.0,IC50,nM,633.0
CHEMBL3642549,COc1ccc2c(c1)C(=O)N(C[C@@]1(C#Cc3ccc(NCCN(C)C)nc3)NC(=O)NC1=O)C2,nM,6.378,419.0,IC50,nM,419.0
CHEMBL3642550,COc1ccc2c(c1)C(=O)N(C[C@@]1(C#Cc3cccnc3-c3cncnc3)NC(=O)NC1=O)C2,nM,5.798,1593.0,IC50,nM,1593.0
CHEMBL3642551,COc1ccc2c(c1)C(=O)N(C[C@@]1(C#Cc3cccnc3-c3ccncc3)NC(=O)NC1=O)C2,nM,5.645,2265.0,IC50,nM,2265.0
CHEMBL3642552,COc1ccc2c(c1)C(=O)N(C[C@@]1(C#Cc3ccc(-c4cn[nH]c4)nc3)NC(=O)NC1=O)C2,nM,6.429,372.0,IC50,nM,372.0
CHEMBL3642553,COc1ccc2c(c1)C(=O)N(C[C@@]1(C#Cc3ccc(C(N=O)N4CCNC[C@@H]4C)cc3)NC(=O)NC1=O)C2,nM,7.076,84.0,IC50,nM,84.0
CHEMBL3642554,COc1ccc2c(c1)C(=O)N(C[C@@]1(C#Cc3ccc(C(N=O)N4[C@@H](C)CNC[C@H]4C)cc3)NC(=O)NC1=O)C2,nM,6.485,327.0,IC50,nM,327.0
CHEMBL3642555,COc1ccc2c(c1)C(=O)N(C[C@@]1(C#Cc3ccc(N4CCCCC4=O)cc3)NC(=O)NC1=O)C2,nM,5.856,1394.0,IC50,nM,1394.0
CHEMBL3642556,COc1ccc2c(c1)C(=O)N(C[C@@]1(C#Cc3ccc(-c4cn[nH]c4N)cc3)NC(=O)NC1=O)C2,nM,6.627,236.0,IC50,nM,236.0
CHEMBL3642557,COc1ccc2c(c1)C(=O)N(CC1(C#Cc3ccc(/N=C(\NC#N)NC4CC4)cc3)NC(=O)NC1=O)C2,nM,6.572,268.0,IC50,nM,268.0
CHEMBL3642558,COc1ccc2c(c1)C(=O)N(CC1(C#Cc3cnc(N4CCC5(CC4)NC(=O)NC5=O)nc3N)NC(=O)NC1=O)C2,nM,6.254,557.0,IC50,nM,557.0
CHEMBL3642559,COc1ccc2c(c1)C(=O)N(C[C@@]1(C#Cc3ccc(N4CCC5(CC4)NC(=O)NC5=O)nc3)NC(=O)NC1=O)C2,nM,6.459,347.7,IC50,nM,347.7
CHEMBL3642560,COc1ccc2c(c1)C(=O)N(C[C@@]1(C#Cc3ccc4c(c3)CCCC43NC(=O)NC3=O)NC(=O)NC1=O)C2,nM,6.863,137.0,IC50,nM,137.0
CHEMBL3642561,COc1ccc2c(c1)C(=O)N(C[C@@]1(C#Cc3ccc4c(c3)CC[C@]43NC(=O)NC3=O)NC(=O)NC1=O)C2,nM,6.73,186.0,IC50,nM,186.0
CHEMBL3642562,COc1ccc2c(c1)C(=O)N(C[C@@]1(C#Cc3ccc4c(c3)CC[C@@]43NC(=O)NC3=O)NC(=O)NC1=O)C2,nM,6.551,281.0,IC50,nM,281.0
CHEMBL3642563,COc1ccc2c(c1)C(=O)N(C[C@@]1(C#Cc3ccc4c(c3)CCC43NC(=O)NC3=O)NC(=O)NC1=O)C2,nM,6.821,151.0,IC50,nM,151.0
CHEMBL3642564,CCN1CCN(C(N=O)c2ccc(C#C[C@]3(CN4CCc5cc(OC)ccc5C4=O)NC(=O)NC3=O)cc2)CC1,nM,6.475,335.0,IC50,nM,335.0
CHEMBL3642565,COc1ccc2c(c1)CCN(C[C@@]1(C#Cc3ccc(/C(=N/O)N4CCCN(C)CC4)cc3)NC(=O)NC1=O)C2=O,nM,6.194,639.0,IC50,nM,639.0
CHEMBL3642566,COc1ccc2c(c1)C(=O)N(C[C@@]1(C#Cc3cccnc3)NC(=O)NC1=O)CC2,nM,5.0,10001.0,IC50,nM,10001.0
CHEMBL502604,CCCCCCCCCCCCCCO[C@@H]1[C@@H](OCCCCCCCCCCCCCC)[C@@H](OC)O[C@H](C[N+](C)(C)C2CCCC2)[C@H]1O,nM,5.222,6000.0,IC50,nM,6000.0
CHEMBL3971594,COC1C(COC(=O)CCC(=O)OC[C@H](NC(=O)OCC2c3ccccc3-c3ccccc32)C(=O)O)OC(O)[C@H](OCc2ccccc2)[C@H]1OCc1ccccc1,nM,4.337,46000.0,IC50,nM,46000.0
CHEMBL3938519,CCCCCCCCCCCCCCO[C@H]1C(OC)[C@@H](COC(=O)CCC(=O)OC[C@H](NC(=O)OCC2c3ccccc3-c3ccccc32)C(=O)O)OC(O)[C@@H]1OCCCCCCCCCCCCCC,nM,5.523,3000.0,IC50,nM,3000.0
CHEMBL3983488,CCCCCCCCCCCCCCO[C@@H]1[C@@H](OCCCCCCCCCCCCCC)[C@@H](OC)O[C@H](COC(=O)CCC(=O)OC[C@H](NC(=O)OCC2c3ccccc3-c3ccccc32)C(=O)O)[C@H]1OC,nM,6.301,500.0,IC50,nM,500.0
CHEMBL3952484,CCn1c(=O)c2cnc3c(OC)cccc3c2n(C2CCCC2)c1=O,nM,6.745,180.0,IC50,nM,180.0
CHEMBL3977963,CCn1c(=O)c2cnc3c(OC)cccc3c2n(-c2ccc(OC)c(OC)c2)c1=O,nM,4.848,14200.0,IC50,nM,14200.0
CHEMBL3894945,COc1cccc2c1ncc1c(=O)n(C(C)C)c(=O)n(C3CCCC3)c12,nM,6.569,270.0,IC50,nM,270.0
CHEMBL3949836,COc1cccc2c1ncc1c(=O)n(-c3cccs3)c(=O)n(C3CCCC3)c12,nM,6.387,410.0,IC50,nM,410.0
CHEMBL3892871,CCCn1c(=O)n(CC)c(=O)c2cnc3c(OC)cccc3c21,nM,6.167,680.0,IC50,nM,680.0
CHEMBL3969462,CCCCn1c(=O)n(CC)c(=O)c2cnc3c(OC)cccc3c21,nM,6.409,390.0,IC50,nM,390.0
CHEMBL3898279,CCn1c(=O)c2cnc3c(OC)cccc3c2n(CC(C)C)c1=O,nM,5.959,1100.0,IC50,nM,1100.0
CHEMBL3916613,CCn1c(=O)c2cnc3c(OC)cc(Cl)cc3c2n(C2CCCC2)c1=O,nM,5.456,3500.0,IC50,nM,3500.0
CHEMBL3978166,CCn1c(=O)c2cnc3c(OC)cc(F)cc3c2n(C2CCCC2)c1=O,nM,6.036,920.0,IC50,nM,920.0
CHEMBL3644495,CCn1c(=O)c2cnc3c(Cl)cccc3c2n(C2CCCC2)c1=O,nM,5.602,2500.0,IC50,nM,2500.0
CHEMBL3644496,CCCc1cccc2c1ncc1c(=O)n(CC)c(=O)n(C3CCCC3)c12,nM,5.585,2600.0,IC50,nM,2600.0
CHEMBL3644497,CCn1c(=O)c2cnc3c(C(C)C)cccc3c2n(C2CCCC2)c1=O,nM,4.699,20000.0,IC50,nM,20000.0
CHEMBL3973186,CCn1c(=O)c2cnc3c(OC(F)(F)F)cccc3c2n(C2CCCC2)c1=O,nM,5.444,3600.0,IC50,nM,3600.0
CHEMBL3928313,CCn1c(=O)c2cnc3c(OC)cccc3c2n(C(C)C)c1=O,nM,4.699,20000.0,IC50,nM,20000.0
CHEMBL3938310,CCC(C)n1c(=O)c2cnc3c(OC)cccc3c2n(C2CCCC2)c1=O,nM,6.347,450.0,IC50,nM,450.0
CHEMBL3913808,COc1cccc2c1ncc1c(=O)n(-c3ccccc3)c(=O)n(C3CCCC3)c12,nM,5.886,1300.0,IC50,nM,1300.0
CHEMBL3984643,CCn1c(=O)c2cnc3c(C)cccc3c2n(C2CCCC2)c1=O,nM,6.301,500.0,IC50,nM,500.0
CHEMBL3944621,CCn1c(=O)c2cnc3c(OC)cccc3c2n(C2CCC(C)CC2)c1=O,nM,6.699,200.0,IC50,nM,200.0
CHEMBL3958223,CCOC(=O)Cn1c(=O)c2cnc3c(OC)cccc3c2n(C2CCCC2)c1=O,nM,6.0,1000.0,IC50,nM,1000.0
CHEMBL3936729,CCn1c(=O)c2cnc3c(OC)cccc3c2n(CCCF)c1=O,nM,6.046,900.0,IC50,nM,900.0
CHEMBL3977927,COc1cccc2c1ncc1c(=O)n(C)c(=O)n(C3CCCC3)c12,nM,5.854,1400.0,IC50,nM,1400.0
CHEMBL3644498,COc1cccc2c1ncc1c(=O)n(-c3cc(C)cs3)c(=O)n(C3CCCC3)c12,nM,7.523,30.0,IC50,nM,30.0
CHEMBL3644499,COc1cccc2c1ncc1c(=O)n(-c3cccc(C)c3)c(=O)n(C3CCCC3)c12,nM,8.222,6.0,IC50,nM,6.0
CHEMBL3925334,COc1cccc2c1ncc1c(=O)n(-c3ccc(C)cc3)c(=O)n(C3CCCC3)c12,nM,6.788,163.0,IC50,nM,163.0
CHEMBL3986436,COc1cccc2c1ncc1c(=O)n(-c3cccc(Cl)c3)c(=O)n(C3CCC(C)CC3)c12,nM,8.398,4.0,IC50,nM,4.0
CHEMBL3913144,COc1cccc2c1ncc1c(=O)n(-c3cccc(Cl)c3)c(=O)n(C3CCCC3)c12,nM,8.046,9.0,IC50,nM,9.0
CHEMBL3932267,CCc1cccc(-n2c(=O)c3cnc4c(OC)cccc4c3n(C3CCCC3)c2=O)c1,nM,8.222,6.0,IC50,nM,6.0
CHEMBL3958848,COc1cccc2c1ncc1c(=O)n(-c3cccc(C)c3)c(=O)n(C3CCC(C)CC3)c12,nM,9.0,1.0,IC50,nM,1.0
CHEMBL3972551,CCCCn1c(=O)n(-c2cccc(C)c2)c(=O)c2cnc3c(OC)cccc3c21,nM,9.0,1.0,IC50,nM,1.0
CHEMBL3644500,COc1cccc2c1ncc1c(=O)n(-c3ccc4c(c3)OCO4)c(=O)n(C3CCCC3)c12,nM,8.699,2.0,IC50,nM,2.0
CHEMBL3921402,COc1cccc2c1ncc1c(=O)n(-c3cccc(Cl)c3)c(=O)n(C3CCC(F)(F)CC3)c12,nM,8.699,2.0,IC50,nM,2.0
CHEMBL3966151,COc1cccc2c1ncc1c(=O)n(-c3cccc(Cl)c3)c(=O)n(C3CCN(C(=O)OC(C)(C)C)CC3)c12,nM,9.0,1.0,IC50,nM,1.0
CHEMBL3947142,COc1cccc2c1ncc1c(=O)n(-c3cccc(Cl)c3)c(=O)n(C3CCNCC3)c12,nM,8.301,5.0,IC50,nM,5.0
CHEMBL3976439,COc1cccc2c1ncc1c(=O)n(-c3cccc(Cl)c3)c(=O)n(C3CCN(C(C)=O)CC3)c12,nM,8.699,2.0,IC50,nM,2.0
CHEMBL3931657,COc1cccc2c1ncc1c(=O)n(-c3cccc(Cl)c3)c(=O)n(C3CCN(C(=O)c4ccccc4)CC3)c12,nM,9.0,1.0,IC50,nM,1.0
CHEMBL3644501,COc1cccc2c1ncc1c(=O)n(-c3cccc(Cl)c3)c(=O)n(C3CCN(S(C)(=O)=O)CC3)c12,nM,8.62,2.4,IC50,nM,2.4
CHEMBL3955760,COc1cccc2c1ncc1c(=O)n(-c3cccc(Cl)c3)c(=O)n(C3CCN(S(=O)(=O)C(C)C)CC3)c12,nM,9.398,0.4,IC50,nM,0.4
CHEMBL3932863,COc1cccc2c1ncc1c(=O)n(-c3cccc(Cl)c3)c(=O)n(C3CCN(S(=O)(=O)N(C)C)CC3)c12,nM,9.398,0.4,IC50,nM,0.4
CHEMBL3960339,COc1cccc2c1ncc1c(=O)n(-c3cccc(Cl)c3)c(=O)n(C3CCN(S(=O)(=O)c4ccccc4)CC3)c12,nM,9.0,1.0,IC50,nM,1.0
CHEMBL3938364,COc1cccc2c1ncc1c(=O)n(-c3cccc(Cl)c3)c(=O)n(C3CCN(S(=O)(=O)C4CCS(=O)(=O)C4)CC3)c12,nM,9.398,0.4,IC50,nM,0.4
CHEMBL3971431,CCNC(=O)N1CCC(n2c(=O)n(-c3cccc(Cl)c3)c(=O)c3cnc4c(OC)cccc4c32)CC1,nM,9.222,0.6,IC50,nM,0.6
CHEMBL3954709,COc1cccc2c1ncc1c(=O)n(-c3cccc(Cl)c3)c(=O)n(C3CCN(C(=O)NC(C)C)CC3)c12,nM,9.523,0.3,IC50,nM,0.3
CHEMBL3962756,COc1cccc2c1ncc1c(=O)n(-c3ccccc3Cl)c(=O)n(C3CCC(C)CC3)c12,nM,7.699,20.0,IC50,nM,20.0
CHEMBL3911773,COc1cccc2c1ncc1c(=O)n(-c3ccc(Cl)cc3)c(=O)n(C3CCC(C)CC3)c12,nM,9.046,0.9,IC50,nM,0.9
CHEMBL3938524,COc1cccc2c1ncc1c(=O)n(-c3cccc(Cl)c3)c(=O)n(C3CCC(C(=O)O)CC3)c12,nM,9.0,1.0,IC50,nM,1.0
CHEMBL3948031,COc1cccc2c1ncc1c(=O)n(-c3cccc(Cl)c3)c(=O)n(C3CCCCC3)c12,nM,8.398,4.0,IC50,nM,4.0
CHEMBL3962096,COc1cccc2c1ncc1c(=O)n(-c3ccc4c(c3)OCO4)c(=O)n(C3CCN(C(=O)OC(C)(C)C)CC3)c12,nM,9.0,1.0,IC50,nM,1.0
CHEMBL3917179,COc1cccc2c1ncc1c(=O)n(-c3ccc4c(c3)OCO4)c(=O)n(C3CCNCC3)c12,nM,6.347,450.0,IC50,nM,450.0
CHEMBL3986932,COc1cccc2c1ncc1c(=O)n(-c3ccc4c(c3)OCO4)c(=O)n(C3CCN(S(C)(=O)=O)CC3)c12,nM,8.097,8.0,IC50,nM,8.0
CHEMBL3964458,COc1cccc2c1ncc1c(=O)n(-c3cccc(C#N)c3)c(=O)n(C3CCCC3)c12,nM,6.91,123.0,IC50,nM,123.0
CHEMBL3982748,COc1cccc2c1ncc1c(=O)n(-c3cccc(SC)c3)c(=O)n(C3CCCC3)c12,nM,7.131,74.0,IC50,nM,74.0
CHEMBL3953457,COc1cccc2c1ncc1c(=O)n(-c3cccc(S(C)(=O)=O)c3)c(=O)n(C3CCCC3)c12,nM,6.553,280.0,IC50,nM,280.0
CHEMBL4108792,COc1cccc2c1ncc1c(=O)n(-c3cccc(Cl)c3)c(=O)n([C@@H]3CCN(C(=O)OC(C)(C)C)C3)c12,nM,9.523,0.3,IC50,nM,0.3
CHEMBL4110900,COc1cccc2c1ncc1c(=O)n(-c3cccc(Cl)c3)c(=O)n([C@@H]3CCNC3)c12,nM,7.509,31.0,IC50,nM,31.0
CHEMBL3644503,COc1cccc2c1ncc1c(=O)n(-c3cccc(Cl)c3)c(=O)n([C@@H]3CCN(S(C)(=O)=O)C3)c12,nM,7.538,29.0,IC50,nM,29.0
CHEMBL3903807,COc1cccc2c1ncc1c(=O)n(-c3cccc(Cl)c3)c(=O)n([C@H]3CCN(C(=O)OC(C)(C)C)C3)c12,nM,8.699,2.0,IC50,nM,2.0
CHEMBL3966213,COc1cccc2c1ncc1c(=O)n(-c3cccc(Cl)c3)c(=O)n([C@H]3CCNC3)c12,nM,6.0,1000.0,IC50,nM,1000.0
CHEMBL3644504,COc1cccc2c1ncc1c(=O)n(-c3cccc(Cl)c3)c(=O)n([C@H]3CCN(S(C)(=O)=O)C3)c12,nM,7.538,29.0,IC50,nM,29.0
CHEMBL3958464,COc1cccc2c1ncc1c(=O)n(-c3ccc4c(c3)OCCO4)c(=O)n(C3CCCC3)c12,nM,6.62,240.0,IC50,nM,240.0
CHEMBL3952042,COC(=O)N1CCC(n2c(=O)n(-c3cccc(Cl)c3)c(=O)c3cnc4c(OC)cccc4c32)CC1,nM,4.301,50000.0,IC50,nM,50000.0
CHEMBL3986640,COc1cccc2c1ncc1c(=O)n(-c3cccc(Cl)c3)c(=O)n(CC3CCN(S(C)(=O)=O)CC3)c12,nM,8.699,2.0,IC50,nM,2.0
CHEMBL3945875,COc1cccc2c1ncc1c(=O)n(-c3cccc(Cl)c3)c(=O)n(C3CCC(NS(C)(=O)=O)CC3)c12,nM,8.222,6.0,IC50,nM,6.0
CHEMBL255489,Cc1cc2occ(CN(C)CCN(C)Cc3cn(-c4cccc(C(F)(F)F)c4)c4ccccc34)c(=O)c2cc1C,nM,5.921,1200.0,IC50,uM,1.2
CHEMBL4060030,Nc1nccc(N(Cc2ccccc2)c2ccccc2-c2cccc(-c3cnc(N4CCNCC4)nc3)c2)n1,nM,5.959,1100.0,IC50,uM,1.1
CHEMBL255489,Cc1cc2occ(CN(C)CCN(C)Cc3cn(-c4cccc(C(F)(F)F)c4)c4ccccc34)c(=O)c2cc1C,nM,5.886,1300.0,IC50,uM,1.3
CHEMBL4060030,Nc1nccc(N(Cc2ccccc2)c2ccccc2-c2cccc(-c3cnc(N4CCNCC4)nc3)c2)n1,nM,5.921,1200.0,IC50,uM,1.2
CHEMBL273019,COc1c(O)cc2c(c1O)[C@@H]1O[C@H](CO)[C@@H](O)[C@H](O)[C@H]1OC2=O,nM,4.903,12500.0,IC50,uM,12.5
CHEMBL23150,O=C1/C(=C/c2ccncc2)Cc2ccccc21,nM,5.24,5750.0,IC50,uM,5.75
CHEMBL4128396,Cl.O=C1/C(=C/c2ccncc2)Cc2ccccc21,nM,5.672,2130.0,IC50,uM,2.13
CHEMBL4128842,Cl.O=C1/C(=C/c2ccncc2)Cc2cccc(O)c21,nM,5.648,2250.0,IC50,uM,2.25
CHEMBL4130207,Cl.O=C1/C(=C/c2ccncc2)Cc2ccc(O)cc21,nM,5.701,1990.0,IC50,uM,1.99
CHEMBL4128990,Cl.O=C1/C(=C/c2ccncc2)Cc2c(O)cccc21,nM,5.67,2140.0,IC50,uM,2.14
CHEMBL4127754,Cl.O=C1/C(=C/c2cccnc2)Cc2ccc(O)cc21,nM,5.567,2710.0,IC50,uM,2.71
CHEMBL4127950,Cl.O=C1/C(=C/c2cccnc2)Cc2c(O)cccc21,nM,5.319,4800.0,IC50,uM,4.8
CHEMBL704,Nc1ccc(O)c(C(=O)O)c1,nM,1.686,20600000.0,IC50,mM,20.6
CHEMBL4216431,CS(=O)(=O)c1ccc(-c2ccc3ncc(S(=O)(=O)N4CCN(Cc5ccccc5)CC4)n3n2)cc1,nM,4.921,12000.0,IC50,uM,12.0
CHEMBL4204753,O=S(=O)(c1cnc2ccc(-c3cccnc3)nn12)N1CCN(c2ccccn2)CC1,nM,4.959,11000.0,IC50,uM,11.0
CHEMBL4204234,O=S(=O)(c1cnc2ccc(-c3cncc(F)c3)nn12)N1CCN(c2ccccn2)CC1,nM,4.553,28000.0,IC50,uM,28.0
CHEMBL4209097,O=S(=O)(c1cnc2ccc(-c3cncc(C(F)(F)F)c3)nn12)N1CCN(c2ccccn2)CC1,nM,4.959,11000.0,IC50,uM,11.0
CHEMBL4211883,Nc1ncc(-c2ccc3ncc(S(=O)(=O)N4CCN(c5ccccn5)CC4)n3n2)cc1C(F)(F)F,nM,4.959,11000.0,IC50,uM,11.0
CHEMBL4214427,COc1ccc(-c2ccc3ncc(S(=O)(=O)N4CCN(c5ccccn5)CC4)n3n2)cn1,nM,4.523,30000.0,IC50,uM,30.0
CHEMBL4216524,CS(=O)(=O)c1ccc(-c2ccc3ncc(S(=O)(=O)N4CCN(c5ccccn5)CC4)n3n2)cc1,nM,4.921,12000.0,IC50,uM,12.0
CHEMBL4206607,N#CC1(c2ccccc2)CCN(S(=O)(=O)c2cnc3ccc(-c4cccnc4)nn23)CC1,nM,5.155,7000.0,IC50,uM,7.0
CHEMBL4205907,N#CC1(c2ccccc2)CCN(S(=O)(=O)c2cnc3ccc(-c4cncc(F)c4)nn23)CC1,nM,4.523,30000.0,IC50,uM,30.0
CHEMBL4211594,N#CC1(c2ccccc2)CCN(S(=O)(=O)c2cnc3ccc(-c4cncc(C(F)(F)F)c4)nn23)CC1,nM,4.699,20000.0,IC50,uM,20.0
CHEMBL4202770,CS(=O)(=O)c1ccc(-c2ccc3ncc(S(=O)(=O)N4CCC(C#N)(c5ccccc5)CC4)n3n2)cc1,nM,5.097,8000.0,IC50,uM,8.0
CHEMBL4215614,COc1ccc(-c2ccc3ncc(S(=O)(=O)N4CCC(C#N)(c5ccccc5)CC4)n3n2)cc1OC,nM,6.301,500.0,IC50,uM,0.5
CHEMBL4214663,COc1cccc(CNS(=O)(=O)c2cnc3ccc(-c4cccnc4)nn23)c1,nM,6.523,300.0,IC50,uM,0.3
CHEMBL4212779,COc1cccc(CNS(=O)(=O)c2cnc3ccc(-c4cncc(F)c4)nn23)c1,nM,5.222,6000.0,IC50,uM,6.0
CHEMBL4204585,COc1cccc(CNS(=O)(=O)c2cnc3ccc(-c4cncc(C(F)(F)F)c4)nn23)c1,nM,4.523,30000.0,IC50,uM,30.0
CHEMBL4215621,COc1cccc(CNS(=O)(=O)c2cnc3ccc(-c4cnc(N)c(C(F)(F)F)c4)nn23)c1,nM,4.523,30000.0,IC50,uM,30.0
CHEMBL4204718,COc1cccc(CNS(=O)(=O)c2cnc3ccc(-c4ccc(OC)nc4)nn23)c1,nM,4.523,30000.0,IC50,uM,30.0
CHEMBL4208400,COc1cccc(CNS(=O)(=O)c2cnc3ccc(-c4ccc(S(C)(=O)=O)cc4)nn23)c1,nM,4.553,28000.0,IC50,uM,28.0
CHEMBL4204861,O=S(=O)(NCC1CCCO1)c1cnc2ccc(-c3cccnc3)nn12,nM,5.398,4000.0,IC50,uM,4.0
CHEMBL4206211,O=S(=O)(NCC1CCCO1)c1cnc2ccc(-c3cncc(F)c3)nn12,nM,5.398,4000.0,IC50,uM,4.0
CHEMBL4204426,O=S(=O)(NCC1CCCO1)c1cnc2ccc(-c3cncc(C(F)(F)F)c3)nn12,nM,4.523,30000.0,IC50,uM,30.0
CHEMBL4211218,COc1ccc(-c2ccc3ncc(S(=O)(=O)NCC4CCCO4)n3n2)cn1,nM,5.222,6000.0,IC50,uM,6.0
CHEMBL4209925,COc1ccc(-c2ccc3ncc(S(=O)(=O)NCC4CCCO4)n3n2)cc1,nM,5.398,4000.0,IC50,uM,4.0
CHEMBL4204400,CS(=O)(=O)c1ccc(-c2ccc3ncc(S(=O)(=O)NCC4CCCO4)n3n2)cc1,nM,4.523,30000.0,IC50,uM,30.0
CHEMBL63,COc1ccc(C2CNC(=O)C2)cc1OC1CCCC1,nM,6.301,500.0,IC50,uM,0.5
CHEMBL4217894,O=S(=O)(c1cnc2ccc(-c3cncc(F)c3)nn12)N1CCN(Cc2ccccc2)CC1,nM,4.523,30000.0,IC50,uM,30.0
CHEMBL4212953,O=S(=O)(c1cnc2ccc(-c3cccnc3)nn12)N1CCN(Cc2ccccc2)CC1,nM,4.745,18000.0,IC50,uM,18.0
CHEMBL4213498,CCN1CCN(S(=O)(=O)c2cnc3ccc(-c4ccc(S(C)(=O)=O)cc4)nn23)CC1,nM,4.824,15000.0,IC50,uM,15.0
CHEMBL4208563,CCN1CCN(S(=O)(=O)c2cnc3ccc(-c4ccc(OC)cc4)nn23)CC1,nM,4.699,20000.0,IC50,uM,20.0
CHEMBL4208862,CCN1CCN(S(=O)(=O)c2cnc3ccc(-c4ccc(OC)nc4)nn23)CC1,nM,4.699,20000.0,IC50,uM,20.0
CHEMBL4213788,CCN1CCN(S(=O)(=O)c2cnc3ccc(-c4cncc(C(F)(F)F)c4)nn23)CC1,nM,5.046,9000.0,IC50,uM,9.0
CHEMBL4212270,CCN1CCN(S(=O)(=O)c2cnc3ccc(-c4cncc(F)c4)nn23)CC1,nM,4.523,30000.0,IC50,uM,30.0
CHEMBL4217242,CCN1CCN(S(=O)(=O)c2cnc3ccc(-c4cccnc4)nn23)CC1,nM,4.824,15000.0,IC50,uM,15.0
CHEMBL4216705,Nc1ncc(-c2ccc3ncc(S(N)(=O)=O)n3n2)cc1C(F)(F)F,nM,5.398,4000.0,IC50,uM,4.0
CHEMBL4218009,COc1cccc(CNS(=O)(=O)c2cnc3ccc(Cl)nn23)c1,nM,4.523,30000.0,IC50,uM,30.0
CHEMBL4203548,N#CC1(c2ccccc2)CCN(S(=O)(=O)c2cnc3ccc(Cl)nn23)CC1,nM,4.602,25000.0,IC50,uM,25.0
CHEMBL4207994,O=S(=O)(c1cnc2ccc(Cl)nn12)N1CCN(Cc2ccccc2)CC1,nM,4.523,30000.0,IC50,uM,30.0
CHEMBL4207908,O=S(=O)(c1cnc2ccc(Cl)nn12)N1CCN(c2ccccc2)CC1,nM,4.523,30000.0,IC50,uM,30.0
CHEMBL4212813,O=S(=O)(c1cnc2ccc(Cl)nn12)N1CCN(c2ccccn2)CC1,nM,4.523,30000.0,IC50,uM,30.0
CHEMBL4217876,CCN1CCN(S(=O)(=O)c2cnc3ccc(Cl)nn23)CC1,nM,4.523,30000.0,IC50,uM,30.0
CHEMBL4212933,O=S(=O)(NCC1CCCO1)c1cnc2ccc(Cl)nn12,nM,4.523,30000.0,IC50,uM,30.0
CHEMBL4206575,NS(=O)(=O)c1cnc2ccc(Cl)nn12,nM,4.553,28000.0,IC50,uM,28.0
CHEMBL255489,Cc1cc2occ(CN(C)CCN(C)Cc3cn(-c4cccc(C(F)(F)F)c4)c4ccccc34)c(=O)c2cc1C,nM,4.658,22000.0,IC50,uM,22.0
CHEMBL63,COc1ccc(C2CNC(=O)C2)cc1OC1CCCC1,nM,6.699,200.0,IC50,uM,0.2
CHEMBL4284433,Cc1nc(Nc2nnc(-c3ccccc3)s2)c(C)c(C)c1O,nM,6.538,290.0,IC50,uM,0.29
CHEMBL704,Nc1ccc(O)c(C(=O)O)c1,nM,4.699,20000.0,IC50,uM,20.0
CHEMBL4280147,Cc1nc(Nc2cnc3ccccc3c2)c(C)c(C)c1O,nM,6.268,540.0,IC50,uM,0.54
CHEMBL4277438,Cc1nc(Nc2ccc(Cl)nc2)c(C)c(C)c1O,nM,6.444,360.0,IC50,uM,0.36
CHEMBL2316207,O=C(NCCN1CCOCC1)c1ccc2c(c1)C(=O)c1ccc(Nc3ccc(F)c(NC(=O)c4ccccc4)c3)cc1CC2,nM,7.42,38.0,IC50,nM,38.0
CHEMBL4436748,Nc1c(C(=O)NCc2ccc(C(=O)NCCCC3CCCCC3)cc2)cnn1-c1ccccc1,nM,6.548,283.0,IC50,nM,283.0
CHEMBL2152944,O=C1c2ccc(Nc3ccc(F)cc3F)cc2CCc2ccc(OC[C@H](O)CO)cc21,nM,0.0,0.0,IC50,nM,0.0
